id,name,email,phone,country,dob
1,Ramesh Kumar,rameshkumar@example.com,798196-0013,India,1987-09-02
2,Narendran Sankaran,narendran.sankaran226@hotmail.com,940265-4235,India,1969-02-28
3,Deepa Mudaliar,deepa54@example.com,787816-1849,India,1990-11-25
4,Dhanush Krishnan,dhanush94@example.com,951647-5255,India,1995-01-24
5,Ishwarya Swaminathan,ishwaryaswaminathan@hotmail.com,783276-4835,India,1975-04-11
6,Raghu Nadar,raghunadar@hotmail.com,785376-7242,India,1998-06-02
7,Madhumitha Rajagopal,madhumitha.rajagopal920@yahoo.com,952871-0122,Malaysia,1983-12-09
8,Tamilarasan Chettiar,tamilarasan86@hotmail.com,981845-1462,India,1965-02-23
9,Nandhini Rajan,nandhini.rajan@yahoo.com,798932-5288,India,1991-11-14
10,Mythili Ramanathan,mythili24@yahoo.com,950391-1718,India,1970-10-05
11,Radhika Selvam,radhika.selvam541@gmail.com,883465-7871,India,1975-01-30
12,Thiru Ramanathan,thiruramanathan@hotmail.com,950103-1051,India,1975-09-05
13,Deepika Venkataraman,deepikavenkataraman@hotmail.com,877376-3116,India,1984-01-01
14,Indumathi Narayanan,indumathi.narayanan@example.com,915133-3872,India,1973-03-26
15,Indumathi Sekar,indumathi.sekar@example.com,798013-2677,India,2003-10-15
16,Karpagam Narayanan,karpagam.narayanan@outlook.com,947468-7234,India,1967-08-17
17,Raghu Narayanan,raghu.narayanan599@hotmail.com,882081-2191,Singapore,2003-08-30
18,Santhosh Sundaram,santhosh.sundaram@hotmail.com,976998-5435,India,1976-11-30
19,Ramya Srinivas,ramya.srinivas@example.com,899911-8384,India,1980-08-28
20,Deepak Gounder,deepak.gounder162@hotmail.com,784980-8412,India,1970-03-07
21,Gautham Kumar,gauthamkumar@yahoo.com,954874-0164,India,1965-02-28
22,Pooja Perumal,poojaperumal@outlook.com,886801-1280,India,1991-02-17
23,Anand Perumal,anand15@example.com,933315-8692,India,2003-10-14
24,Rajesh Naicker,rajesh13@outlook.com,633421-6073,India,2001-08-18
25,Shanthi Srinivas,shanthi.srinivas@gmail.com,915414-5868,India,1966-03-29
26,Hari Rajan,hari84@example.com,979655-6981,India,2005-05-08
27,Elango Krishnan,elangokrishnan@yahoo.com,911595-1484,USA,1983-04-28
28,Bhavani Swamy,bhavaniswamy@outlook.com,796299-4680,India,1977-11-14
29,Anand Rajagopal,anand87@outlook.com,897387-2148,India,1993-05-24
30,Meena Sekar,meenasekar@gmail.com,960037-9176,India,1990-10-28
31,Tamilarasan Venkataraman,tamilarasanvenkataraman@example.com,631632-8708,India,2003-01-21
32,Varun Perumal,varun69@outlook.com,878687-2774,India,2002-09-04
33,Pooja Veeramani,poojaveeramani@yahoo.com,891434-5581,India,1971-10-08
34,Tamilarasan Pandian,tamilarasan.pandian66@outlook.com,938760-3669,UK,1965-11-17
35,Jayanthi Subramanian,jayanthi.subramanian306@outlook.com,888937-3467,India,1982-06-12
36,Deepika Nadar,deepika.nadar861@gmail.com,878069-9016,India,2003-11-20
37,Abirami Narayanan,abirami43@gmail.com,895564-6417,India,1998-08-08
38,Vimal Moorthy,vimal.moorthy@example.com,953092-3271,India,1974-10-12
39,Ishwarya Prasad,ishwarya.prasad@gmail.com,941904-9663,India,1991-07-24
40,Muthu Srinivas,muthu.srinivas@hotmail.com,630586-5185,India,2003-02-10
41,Anusree Venkataraman,anusree23@outlook.com,782628-4987,India,1984-07-16
42,Kausalya Sekar,kausalya.sekar286@gmail.com,637996-5075,India,1986-11-15
43,Yogesh Prasad,yogesh53@hotmail.com,988313-6783,UAE,1986-05-11
44,Hemalatha Ramanathan,hemalatharamanathan@outlook.com,783495-7885,India,1998-06-18
45,Shanthi Iyengar,shanthi44@gmail.com,973518-2337,India,1997-07-03
46,Deepa Mani,deepa47@gmail.com,940824-0084,UK,1970-08-31
47,Deepa Subramanian,deepa.subramanian292@outlook.com,895204-7116,India,1968-04-28
48,Gautham Pandian,gautham82@example.com,951869-9938,India,1985-03-18
49,Janani Rajagopal,janani.rajagopal@hotmail.com,781334-1232,India,1968-05-14
50,Karthik Naicker,karthik.naicker706@yahoo.com,983447-1349,India,2001-01-23
51,Siddharth Sundaram,siddharthsundaram@yahoo.com,961024-9947,India,1986-01-10
52,Ishwarya Nadar,ishwarya.nadar513@outlook.com,979065-9401,India,1995-04-01
53,Jayakumar Mahadevan,jayakumarmahadevan@outlook.com,887429-6717,India,1983-04-27
54,Kausalya Vasudevan,kausalya.vasudevan338@outlook.com,946807-1545,India,1999-08-28
55,Sowmya Chandrasekar,sowmya.chandrasekar674@outlook.com,983859-7703,India,1989-08-21
56,Loganathan Iyer,loganathan.iyer@example.com,799324-8086,India,1975-01-30
57,Abhinav Sundaram,abhinavsundaram@outlook.com,784846-7737,India,1971-06-28
58,Revathi Thirunavukkarasu,revathithirunavukkarasu@example.com,946584-0449,India,1994-08-09
59,Sowmya Pandian,sowmya.pandian552@yahoo.com,938867-5339,India,1975-06-24
60,Kavitha Balakrishnan,kavitha.balakrishnan723@outlook.com,792702-8951,India,1969-06-22
61,Priya Pandian,priyapandian@example.com,894596-1586,India,1993-02-12
62,Sowmya Sankaran,sowmya.sankaran@gmail.com,794316-1172,UAE,1978-06-08
63,Venkatesh Balakrishnan,venkatesh17@yahoo.com,912386-9222,India,1992-05-04
64,Vaishnavi Sekar,vaishnavisekar@gmail.com,894740-7482,India,1984-10-25
65,Subhashini Srinivas,subhashini.srinivas986@yahoo.com,894367-1369,India,1990-10-14
66,Ishwarya Swamy,ishwarya.swamy850@yahoo.com,989097-4395,India,1993-07-23
67,Elango Perumal,elango.perumal@yahoo.com,637095-2145,India,1972-11-17
68,Senthil Sankaran,senthil56@gmail.com,947451-7123,Singapore,1997-06-27
69,Sridevi Gurumurthy,sridevi.gurumurthy93@example.com,948175-4965,India,1995-04-10
70,Adithya Ramanathan,adithya89@hotmail.com,951746-1200,India,1987-02-06
71,Murugan Sekar,murugan.sekar139@outlook.com,938692-6179,India,1977-07-20
72,Manikandan Nathan,manikandannathan@yahoo.com,975850-6431,India,1969-02-10
73,Surya Narayanan,suryanarayanan@hotmail.com,951839-3352,India,1965-02-16
74,Sridevi Pandian,sridevi26@gmail.com,970205-3950,India,1976-11-26
75,Senthil Naicker,senthil.naicker@outlook.com,895891-7839,India,1997-08-16
76,Indumathi Ramanathan,indumathi.ramanathan491@outlook.com,791771-1592,India,1970-08-30
77,Vaishnavi Rajagopal,vaishnavi80@outlook.com,878478-9611,India,1994-03-14
78,Anand Iyer,anand39@outlook.com,916156-5452,Malaysia,1986-04-11
79,Saravanan Viswanathan,saravanan.viswanathan@yahoo.com,632809-8851,India,1980-11-11
80,Sowmya Narayanan,sowmya46@yahoo.com,979832-7315,India,1981-06-28
81,Kumar Mahadevan,kumar.mahadevan827@hotmail.com,639980-9402,India,1996-07-10
82,Dhanalakshmi Pillai,dhanalakshmipillai@gmail.com,876120-1836,India,1985-05-08
83,Gayatri Gounder,gayatri49@hotmail.com,871022-9014,India,1994-09-11
84,Mythili Thirunavukkarasu,mythili66@gmail.com,638156-1497,India,1994-12-05
85,Kavitha Moorthy,kavitha.moorthy@example.com,954324-4510,India,1998-07-06
86,Abirami Perumal,abiramiperumal@hotmail.com,885160-6071,India,1990-10-30
87,Sandhya Nadar,sandhya91@example.com,910529-7516,India,1975-12-01
88,Subhashini Nadar,subhashini.nadar81@yahoo.com,785352-1818,India,1973-09-12
89,Shanthi Pandian,shanthipandian@yahoo.com,952921-2779,India,1985-02-19
90,Sowmya Balakrishnan,sowmya.balakrishnan@outlook.com,894490-5814,India,1985-04-10
91,Arvind Gounder,arvind.gounder@hotmail.com,878679-8079,India,1973-06-12
92,Uma Kannan,uma.kannan@outlook.com,975182-0377,India,1988-06-13
93,Balamurugan Gounder,balamurugan.gounder397@yahoo.com,799051-5186,India,1976-04-21
94,Siva Viswanathan,sivaviswanathan@yahoo.com,946291-4865,India,1995-01-23
95,Siddharth Chandrasekar,siddharth56@yahoo.com,963573-3221,India,2002-11-18
96,Sivakumar Sankaran,sivakumar77@hotmail.com,969622-2927,India,1983-06-07
97,Harini Sekar,harini66@outlook.com,958347-3597,India,1999-07-08
98,Pooja Chettiar,pooja.chettiar541@gmail.com,959240-7581,Australia,2002-12-12
99,Loganathan Viswanathan,loganathan.viswanathan280@hotmail.com,966137-5060,India,1987-07-09
100,Malathi Chettiar,malathichettiar@example.com,931522-0472,Canada,1986-01-16
101,Vaishnavi Subramanian,vaishnavi20@gmail.com,968986-1434,India,1967-02-22
102,Vishnu Shanmugam,vishnu.shanmugam@outlook.com,878089-3246,India,1992-07-31
103,Malathi Mahadevan,malathi.mahadevan@hotmail.com,931888-8806,India,1966-12-15
104,Yamuna Prasad,yamuna.prasad@yahoo.com,951952-0585,India,1972-11-08
105,Ishwarya Kannan,ishwaryakannan@example.com,787043-0305,India,1988-02-14
106,Anusree Sankaran,anusree.sankaran@gmail.com,945054-1566,India,2005-02-17
107,Preeti Rajan,preeti.rajan709@yahoo.com,638416-1692,India,1978-03-07
108,Deepa Viswanathan,deepa51@yahoo.com,899627-5705,India,1984-07-06
109,Yamini Narayanan,yamini.narayanan688@yahoo.com,882029-7021,India,1999-12-04
110,Yamuna Chettiar,yamunachettiar@outlook.com,935719-2856,India,1994-02-20
111,Malathi Sundaram,malathisundaram@outlook.com,886814-4739,India,1996-02-18
112,Revathi Sundaram,revathi.sundaram@outlook.com,967155-1884,India,2003-03-11
113,Rajesh Gounder,rajesh.gounder@gmail.com,632370-5895,India,2001-01-19
114,Saravanan Swaminathan,saravanan.swaminathan408@hotmail.com,916912-5177,Malaysia,1988-03-17
115,Ramya Gurumurthy,ramyagurumurthy@gmail.com,918018-2422,India,1996-10-26
116,Vimal Veeramani,vimal.veeramani@yahoo.com,958424-9818,India,1972-07-25
117,Dinesh Shanmugam,dinesh.shanmugam@example.com,970943-9690,India,2004-11-17
118,Aarthi Srinivas,aarthi.srinivas251@yahoo.com,891027-6773,India,1992-03-19
119,Raghu Balakrishnan,raghu.balakrishnan999@gmail.com,635881-5371,India,1985-03-03
120,Pravin Vasudevan,pravin.vasudevan298@hotmail.com,913259-5327,India,1985-12-10
121,Aishwarya Srinivas,aishwarya.srinivas@outlook.com,887339-5004,India,1991-10-21
122,Vidya Sankaran,vidya.sankaran@outlook.com,964565-0609,India,1973-09-25
123,Radhika Swamy,radhika.swamy396@hotmail.com,949912-1655,India,1981-05-27
124,Narendran Thirunavukkarasu,narendran.thirunavukkarasu@example.com,982578-7298,India,1979-09-18
125,Gayatri Nadar,gayatri88@hotmail.com,938887-9470,India,1979-11-11
126,Vishnu Rajagopal,vishnu.rajagopal@hotmail.com,894993-0972,India,1993-03-20
127,Sangeetha Sekar,sangeetha.sekar@gmail.com,987562-6368,India,1986-02-26
128,Pradeep Veeramani,pradeep36@outlook.com,886527-8585,Singapore,1999-08-19
129,Vaishnavi Kannan,vaishnavikannan@yahoo.com,884344-3757,India,1990-02-22
130,Vidya Sundaram,vidya.sundaram693@outlook.com,932404-1574,India,1974-08-07
131,Kamalesh Kumar,kamalesh81@gmail.com,979933-0833,India,1969-06-30
132,Preeti Kannan,preetikannan@example.com,882677-3454,India,1967-08-28
133,Balaji Sankaran,balajisankaran@outlook.com,960672-4004,India,1992-01-15
134,Siva Swamy,siva.swamy657@gmail.com,887431-5274,Australia,1973-05-09
135,Thiru Swamy,thiruswamy@gmail.com,876685-1612,India,1986-06-02
136,Thilagavathi Sekar,thilagavathi.sekar268@gmail.com,894549-9045,UAE,1975-08-08
137,Vignesh Iyengar,vignesh.iyengar164@hotmail.com,784145-9332,India,1971-11-15
138,Madhumitha Thirunavukkarasu,madhumitha.thirunavukkarasu426@hotmail.com,633391-8785,India,1990-04-23
139,Arvind Gurumurthy,arvindgurumurthy@gmail.com,938713-9718,India,2001-04-11
140,Varun Perumal,varun.perumal426@hotmail.com,988740-6403,India,1968-04-11
141,Siddharth Mudaliar,siddharth.mudaliar@example.com,890462-2656,India,2004-01-04
142,Archana Viswanathan,archanaviswanathan@yahoo.com,972868-2300,India,1985-10-08
143,Rajeswari Chettiar,rajeswari.chettiar254@yahoo.com,964310-6903,India,1968-01-08
144,Suresh Iyer,suresh.iyer@gmail.com,780673-8302,India,1977-12-23
145,Raghu Mahadevan,raghu86@gmail.com,942836-4408,India,2004-06-18
146,Siddharth Gurumurthy,siddharth73@outlook.com,638566-2462,India,1986-03-30
147,Ashok Srinivas,ashok.srinivas826@example.com,886688-2634,India,1979-10-26
148,Gokul Gounder,gokulgounder@example.com,946990-1398,India,1986-07-04
149,Siva Srinivas,sivasrinivas@example.com,787393-6385,India,1982-01-28
150,Rajeswari Mudaliar,rajeswari49@hotmail.com,897175-3556,India,1990-03-27
151,Pravin Ramanathan,pravin.ramanathan567@yahoo.com,963536-9378,India,1995-09-21
152,Pavithra Venkataraman,pavithra.venkataraman758@outlook.com,965228-7280,India,1966-07-09
153,Ashwin Subramanian,ashwinsubramanian@example.com,782038-7509,India,1994-11-29
154,Deepika Venkataraman,deepika.venkataraman7@example.com,988484-0862,India,1969-04-28
155,Chandran Mani,chandran89@yahoo.com,946156-7933,India,1995-09-08
156,Suresh Viswanathan,suresh.viswanathan389@hotmail.com,890021-7659,India,2005-02-20
157,Balaji Nathan,balaji.nathan909@yahoo.com,981489-0250,India,1991-05-02
158,Yuvaraj Swaminathan,yuvarajswaminathan@hotmail.com,918562-1850,India,1984-08-10
159,Vikram Pillai,vikram.pillai788@yahoo.com,984773-5866,India,1995-06-29
160,Meena Shanmugam,meenashanmugam@example.com,974262-6551,India,1965-03-27
161,Hemalatha Gounder,hemalathagounder@example.com,966788-8610,India,1980-11-16
162,Ranganathan Chettiar,ranganathan.chettiar299@outlook.com,631839-8262,India,1977-01-23
163,Soundarya Venkataraman,soundaryavenkataraman@outlook.com,946471-5437,India,1992-08-30
164,Varun Vasudevan,varun.vasudevan@outlook.com,939657-5692,India,1979-05-21
165,Kamesh Balakrishnan,kamesh.balakrishnan988@yahoo.com,947935-6465,India,1990-04-18
166,Dhiraj Rajan,dhiraj.rajan@outlook.com,783741-6724,India,1976-05-02
167,Siddharth Chettiar,siddharth.chettiar460@hotmail.com,918868-0589,India,1968-10-24
168,Deepak Mudaliar,deepak.mudaliar@hotmail.com,796561-0143,India,1998-07-03
169,Gokul Gounder,gokulgounder@yahoo.com,987146-1125,India,1980-05-22
170,Sneha Nathan,sneha76@outlook.com,977751-4010,India,1994-01-25
171,Dinesh Sekar,dineshsekar@yahoo.com,886736-2266,India,1998-01-29
172,Gokul Rajagopal,gokul.rajagopal@gmail.com,954191-8255,India,1985-07-11
173,Hari Venkataraman,hari77@hotmail.com,919691-5579,India,2001-07-03
174,Dhanalakshmi Shanmugam,dhanalakshmishanmugam@yahoo.com,973412-5286,India,1991-10-03
175,Tamilarasan Reddy,tamilarasanreddy@hotmail.com,967422-5790,India,1965-06-07
176,Ramya Mani,ramya.mani987@outlook.com,797677-2190,India,1978-02-07
177,Kumar Moorthy,kumarmoorthy@outlook.com,877881-9148,India,1989-04-25
178,Akash Sankaran,akash.sankaran@gmail.com,940745-1713,India,2001-05-14
179,Sowmya Shanmugam,sowmyashanmugam@hotmail.com,963309-5849,India,1972-07-21
180,Keerthana Swamy,keerthana47@hotmail.com,791260-4223,India,1996-11-29
181,Monisha Sekar,monisha.sekar403@gmail.com,874667-1168,India,1996-03-01
182,Indumathi Venkataraman,indumathi.venkataraman@example.com,787518-6363,India,1977-01-17
183,Monisha Swamy,monishaswamy@hotmail.com,895001-7012,India,1985-06-24
184,Siddharth Mani,siddharthmani@yahoo.com,964154-1520,India,1993-01-23
185,Lavanya Moorthy,lavanya.moorthy@example.com,983712-9387,India,1965-05-13
186,Anusree Sundaram,anusreesundaram@outlook.com,973611-1554,India,1982-03-03
187,Pravin Swaminathan,pravin.swaminathan@hotmail.com,792753-2697,India,1968-11-21
188,Pradeep Sundaram,pradeep.sundaram748@yahoo.com,915234-1389,India,1997-05-08
189,Pooja Ramanathan,pooja94@gmail.com,889836-4037,India,1970-01-22
190,Prakash Thirunavukkarasu,prakash.thirunavukkarasu@yahoo.com,932696-5827,India,1965-10-01
191,Vijay Prasad,vijay.prasad@outlook.com,884866-6188,India,1971-11-07
192,Meena Srinivas,meenasrinivas@gmail.com,885691-4630,India,1968-11-13
193,Swetha Iyengar,swetha.iyengar@yahoo.com,792102-0275,India,1988-03-15
194,Gayatri Gounder,gayatri26@example.com,630564-8149,India,1968-06-16
195,Indumathi Chandrasekar,indumathi.chandrasekar57@hotmail.com,965241-9138,India,1966-12-23
196,Deepak Krishnan,deepak.krishnan373@gmail.com,960863-5365,India,2002-01-20
197,Manikandan Sundaram,manikandan.sundaram@gmail.com,958061-7445,India,1989-10-23
198,Priya Gounder,priya35@hotmail.com,957597-3832,India,1983-05-25
199,Balaji Sankaran,balaji.sankaran@yahoo.com,986413-8367,India,1971-05-22
200,Meena Krishnan,meena.krishnan919@yahoo.com,891918-2619,India,1967-10-18
201,Deepika Perumal,deepika40@yahoo.com,636557-4313,India,1999-12-27
202,Gautham Vasudevan,gautham.vasudevan461@yahoo.com,911853-7474,India,1969-01-21
203,Natarajan Thirunavukkarasu,natarajan15@gmail.com,973568-0442,India,1983-02-21
204,Radhika Gurumurthy,radhika.gurumurthy97@example.com,632100-3236,India,1995-10-15
205,Hari Swaminathan,hariswaminathan@outlook.com,632151-0702,India,1984-06-06
206,Mythili Ramanathan,mythili.ramanathan700@gmail.com,933244-7209,India,1992-09-04
207,Mohan Venkataraman,mohan.venkataraman904@example.com,974626-3838,India,1982-02-27
208,Jayanthi Sankaran,jayanthi72@outlook.com,942059-3040,India,1988-10-01
209,Pooja Rajagopal,poojarajagopal@example.com,953480-3965,India,1972-11-25
210,Raghu Mudaliar,raghu85@hotmail.com,872937-8427,India,1969-01-18
211,Balaji Thirunavukkarasu,balaji.thirunavukkarasu21@example.com,939325-2500,India,1991-04-26
212,Sundar Veeramani,sundar.veeramani@yahoo.com,786915-4522,India,2000-07-09
213,Aarthi Balakrishnan,aarthi32@gmail.com,799264-4220,UK,1990-09-12
214,Sridevi Mahadevan,sridevi14@hotmail.com,959172-5135,India,1972-07-13
215,Siva Iyer,sivaiyer@gmail.com,781541-0067,India,1972-06-18
216,Mythili Chettiar,mythili.chettiar560@example.com,899327-1040,India,1976-09-18
217,Vikram Pillai,vikram.pillai910@gmail.com,781815-9970,India,1994-04-28
218,Anand Selvam,anand16@gmail.com,956884-4431,India,1982-08-17
219,Sangeetha Narayanan,sangeetha.narayanan4@example.com,949731-0324,India,1986-03-30
220,Parthiban Nadar,parthiban70@example.com,798625-6527,India,1976-10-23
221,Indumathi Prasad,indumathi38@hotmail.com,982115-8693,India,1967-09-27
222,Anusree Veeramani,anusree.veeramani989@hotmail.com,957416-0898,India,1995-05-24
223,Vignesh Iyer,vigneshiyer@gmail.com,633206-1632,India,1976-07-27
224,Dhanalakshmi Swaminathan,dhanalakshmi.swaminathan398@hotmail.com,934870-9986,India,1983-08-05
225,Pravin Mahadevan,pravin.mahadevan@example.com,871485-6467,India,1992-04-26
226,Kavitha Rajan,kavitharajan@hotmail.com,876065-3074,India,1965-11-28
227,Anusree Srinivas,anusree.srinivas288@example.com,952475-4691,India,1984-10-25
228,Naveen Venkataraman,naveen76@example.com,882148-6289,India,1972-10-17
229,Narendran Narayanan,narendran.narayanan34@example.com,933457-8610,India,1981-09-16
230,Uma Iyer,uma.iyer984@hotmail.com,885524-1406,India,1972-04-23
231,Ashok Moorthy,ashok96@outlook.com,880072-2903,India,1992-04-16
232,Keerthana Kumar,keerthana.kumar917@yahoo.com,894374-8969,India,1965-05-01
233,Radhika Thirunavukkarasu,radhika87@example.com,891545-4443,India,1988-03-16
234,Arvind Thirunavukkarasu,arvind61@gmail.com,780744-6660,India,1996-10-06
235,Thiru Moorthy,thiru.moorthy548@yahoo.com,884282-4172,India,1997-07-13
236,Siva Viswanathan,sivaviswanathan@yahoo.com,915549-4717,India,2003-11-12
237,Adithya Mani,adithya.mani123@hotmail.com,946022-3569,India,1971-06-05
238,Sowmya Rajan,sowmya20@gmail.com,930074-3292,India,2000-03-22
239,Senthil Shanmugam,senthil.shanmugam649@outlook.com,917600-8350,India,1998-12-14
240,Surya Subramanian,suryasubramanian@gmail.com,785421-6894,India,1967-12-06
241,Natarajan Swamy,natarajan68@outlook.com,792575-3260,India,1975-01-24
242,Manoj Ramanathan,manojramanathan@example.com,930648-9090,India,1969-11-07
243,Ashwin Sundaram,ashwin.sundaram455@example.com,884723-0461,India,1988-05-04
244,Vaishnavi Thirunavukkarasu,vaishnavi.thirunavukkarasu141@example.com,889141-1739,India,1999-11-25
245,Monisha Veeramani,monisha.veeramani367@yahoo.com,960873-7530,India,1995-02-17
246,Sundar Mahadevan,sundarmahadevan@example.com,638114-3744,India,1967-04-01
247,Rajesh Krishnan,rajesh47@outlook.com,781100-2255,India,1992-11-22
248,Aishwarya Viswanathan,aishwarya57@gmail.com,976674-6762,India,1970-12-12
249,Madhavan Vasudevan,madhavan.vasudevan934@hotmail.com,797296-5902,India,1986-11-24
250,Naveen Iyer,naveen15@yahoo.com,988993-5889,India,1984-06-01
251,Kamesh Mudaliar,kamesh.mudaliar693@gmail.com,889002-8772,India,1998-09-16
252,Kausalya Sekar,kausalya52@example.com,883866-3177,India,1985-02-06
253,Prakash Iyer,prakash.iyer122@example.com,976608-8019,India,1993-08-07
254,Aishwarya Chandrasekar,aishwarya.chandrasekar212@yahoo.com,930375-8997,Australia,1994-06-25
255,Keerthana Iyer,keerthanaiyer@example.com,935488-5102,India,1971-04-21
256,Deepa Prasad,deepaprasad@example.com,913735-1609,India,1999-08-21
257,Indumathi Rajagopal,indumathi.rajagopal138@example.com,880869-7829,India,1997-10-08
258,Muthu Chettiar,muthu94@hotmail.com,916934-6547,India,1971-03-14
259,Uma Chandrasekar,uma48@hotmail.com,793339-4522,India,1989-05-03
260,Keerthana Sundaram,keerthana.sundaram576@hotmail.com,876846-0810,India,1971-07-10
261,Arvind Mani,arvindmani@yahoo.com,794204-3805,India,1969-08-07
262,Tamilarasan Sekar,tamilarasan75@example.com,916658-0043,India,2003-12-23
263,Monisha Moorthy,monisha91@hotmail.com,889334-7212,India,1997-12-22
264,Sasikumar Krishnan,sasikumar64@gmail.com,969405-7202,India,1991-10-11
265,Natarajan Venkataraman,natarajan83@example.com,635832-8182,India,1989-05-12
266,Meena Mudaliar,meenamudaliar@yahoo.com,935439-8780,India,1995-01-03
267,Hemalatha Sekar,hemalathasekar@example.com,795616-4840,India,2001-11-17
268,Nandhini Chandrasekar,nandhini.chandrasekar@yahoo.com,793581-1288,India,1993-02-14
269,Harish Nathan,harish.nathan@gmail.com,886120-7501,India,1967-06-09
270,Elango Gurumurthy,elangogurumurthy@yahoo.com,916766-5061,India,1965-04-07
271,Venkatesh Swaminathan,venkatesh.swaminathan@yahoo.com,634914-7660,India,1972-01-06
272,Pradeep Nadar,pradeepnadar@yahoo.com,795088-2100,India,1991-10-07
273,Rajeswari Gurumurthy,rajeswarigurumurthy@yahoo.com,956822-2394,India,1970-02-21
274,Ashwin Gurumurthy,ashwin.gurumurthy@yahoo.com,791413-9755,India,1995-02-11
275,Murugan Swamy,muruganswamy@yahoo.com,897594-9299,India,2001-03-26
276,Dharani Selvam,dharaniselvam@gmail.com,786452-5777,India,1999-10-03
277,Mythili Gurumurthy,mythili.gurumurthy@yahoo.com,968341-1080,India,1990-12-20
278,Pooja Rajagopal,pooja.rajagopal@hotmail.com,948872-5639,India,1971-01-03
279,Nandhini Chandrasekar,nandhini21@hotmail.com,983928-2722,India,1990-05-20
280,Kamesh Mudaliar,kamesh.mudaliar225@gmail.com,974530-3856,India,1985-05-24
281,Venkatesh Balakrishnan,venkatesh23@yahoo.com,878926-6591,India,1976-04-14
282,Dhanalakshmi Moorthy,dhanalakshmi76@yahoo.com,897908-2723,India,1988-01-31
283,Nithya Pandian,nithya33@hotmail.com,781365-1777,India,1991-07-03
284,Naveen Ramanathan,naveenramanathan@hotmail.com,872280-9202,India,1973-01-28
285,Uma Mahadevan,uma91@example.com,957977-2369,India,2000-08-23
286,Srinivasan Prasad,srinivasan31@outlook.com,879136-6210,India,1988-06-13
287,Anusree Pandian,anusreepandian@outlook.com,879088-1172,India,1989-03-11
288,Anand Veeramani,anand.veeramani@hotmail.com,913765-9916,India,1976-06-02
289,Pooja Moorthy,pooja.moorthy291@yahoo.com,950098-1806,India,1974-03-20
290,Chithra Gounder,chithra.gounder159@hotmail.com,944869-5946,India,1983-07-16
291,Abirami Gounder,abirami.gounder569@yahoo.com,949562-1372,India,1974-08-15
292,Sneha Pillai,sneha.pillai@gmail.com,910127-9611,India,1974-12-13
293,Meena Thirunavukkarasu,meena.thirunavukkarasu742@outlook.com,878490-2770,India,2003-02-26
294,Revathi Krishnan,revathikrishnan@hotmail.com,960530-2146,India,1995-01-15
295,Bhavani Rajagopal,bhavani.rajagopal@example.com,978489-5543,India,1973-09-23
296,Thilagavathi Nadar,thilagavathi83@gmail.com,918181-8451,India,1976-07-24
297,Ishwarya Iyer,ishwarya.iyer577@gmail.com,635779-0714,India,1982-03-02
298,Balaji Balakrishnan,balaji62@hotmail.com,880434-1651,India,1973-01-03
299,Kausalya Mudaliar,kausalya37@gmail.com,783733-3433,India,2002-06-15
300,Yogesh Pandian,yogesh.pandian@outlook.com,870807-5957,India,2003-12-21
301,Mythili Rajan,mythili.rajan287@gmail.com,639208-6780,India,1980-07-30
302,Sowmya Rajan,sowmya.rajan124@yahoo.com,780036-9155,India,2003-08-30
303,Abirami Gurumurthy,abirami43@outlook.com,875527-6365,India,2003-04-29
304,Soundarya Iyer,soundaryaiyer@hotmail.com,793143-8663,India,2000-11-20
305,Adithya Subramanian,adithya.subramanian432@gmail.com,798857-4489,India,1982-11-15
306,Madhavan Narayanan,madhavan37@outlook.com,791754-5588,India,1980-06-09
307,Naveen Sundaram,naveensundaram@hotmail.com,878245-5877,India,1982-02-04
308,Indumathi Pandian,indumathi31@outlook.com,799961-1253,India,1979-03-20
309,Keerthana Kumar,keerthana.kumar661@yahoo.com,895987-6220,India,1997-08-24
310,Elango Viswanathan,elango.viswanathan171@example.com,971780-0681,India,1976-10-10
311,Ajith Chettiar,ajithchettiar@yahoo.com,892282-0055,India,1985-12-16
312,Radhika Iyer,radhikaiyer@hotmail.com,877968-8457,India,1975-03-11
313,Akash Srinivas,akash56@gmail.com,940082-5478,India,1995-11-08
314,Nivedha Kannan,nivedha.kannan10@yahoo.com,873085-3686,India,1976-03-18
315,Tamilarasan Chettiar,tamilarasan.chettiar@outlook.com,793894-4846,India,2003-04-15
316,Ganesh Perumal,ganesh.perumal114@hotmail.com,894973-5020,India,1965-12-29
317,Muthu Swamy,muthu.swamy129@example.com,951207-3564,India,1981-08-29
318,Ishwarya Krishnan,ishwaryakrishnan@example.com,946187-2346,India,1970-06-22
319,Tamilarasan Iyer,tamilarasan.iyer@gmail.com,891837-6452,India,1997-09-01
320,Ravichandran Sundaram,ravichandran42@gmail.com,930313-6502,India,1991-03-25
321,Yuvaraj Sekar,yuvaraj.sekar@hotmail.com,637925-1327,India,1995-10-09
322,Thilagavathi Narayanan,thilagavathinarayanan@hotmail.com,631273-5857,India,1965-12-16
323,Shanthi Perumal,shanthi.perumal@outlook.com,787848-7392,India,1980-08-06
324,Lavanya Iyengar,lavanyaiyengar@example.com,882744-8570,India,1987-09-12
325,Lavanya Rajan,lavanya12@hotmail.com,955186-3878,India,1992-07-02
326,Kausalya Naicker,kausalya.naicker@example.com,881022-0317,India,1969-06-06
327,Tamilarasan Venkataraman,tamilarasan77@example.com,933910-3717,India,1967-09-22
328,Radhika Naicker,radhika.naicker@hotmail.com,948014-1381,India,1997-07-13
329,Kamalesh Chettiar,kamaleshchettiar@hotmail.com,792886-1957,UK,1994-11-04
330,Aishwarya Vasudevan,aishwaryavasudevan@hotmail.com,918528-9755,India,1979-07-26
331,Chithra Reddy,chithrareddy@hotmail.com,883684-5776,India,1997-07-31
332,Loganathan Thirunavukkarasu,loganathanthirunavukkarasu@yahoo.com,984335-0488,India,1990-08-07
333,Murugan Krishnan,murugankrishnan@gmail.com,945933-4419,India,1990-07-12
334,Vikram Balakrishnan,vikram.balakrishnan178@hotmail.com,979409-6105,India,2004-06-19
335,Chithra Sundaram,chithra.sundaram@outlook.com,984805-8925,India,1996-04-20
336,Gautham Narayanan,gautham.narayanan750@outlook.com,639981-3646,India,1970-12-06
337,Meena Kannan,meena.kannan@hotmail.com,914168-6227,India,1973-11-20
338,Bhavani Mahadevan,bhavanimahadevan@gmail.com,974659-1166,India,1980-08-16
339,Ranganathan Mudaliar,ranganathan.mudaliar@yahoo.com,965979-2703,India,1995-09-29
340,Sangeetha Viswanathan,sangeetha.viswanathan@gmail.com,872405-1477,India,1979-11-21
341,Kamalesh Nathan,kamalesh36@hotmail.com,899206-9804,India,1967-09-12
342,Revathi Shanmugam,revathi.shanmugam55@example.com,976451-0463,India,1987-10-24
343,Raghu Venkataraman,raghu.venkataraman@gmail.com,958780-0384,India,1986-12-24
344,Madhumitha Selvam,madhumitha12@yahoo.com,794384-0460,India,1977-07-27
345,Gautham Pillai,gauthampillai@example.com,786893-6392,India,1979-01-06
346,Hemalatha Sankaran,hemalathasankaran@hotmail.com,883248-2629,India,1979-03-30
347,Kamalesh Sundaram,kamaleshsundaram@example.com,635664-7423,India,1970-11-26
348,Ramesh Shanmugam,rameshshanmugam@hotmail.com,953051-7289,India,1996-12-09
349,Abirami Chettiar,abiramichettiar@gmail.com,953060-4633,India,1967-12-20
350,Akash Shanmugam,akash72@outlook.com,956609-6569,India,1991-08-21
351,Ravichandran Vasudevan,ravichandran.vasudevan@gmail.com,888608-6803,India,1984-09-19
352,Aishwarya Srinivas,aishwaryasrinivas@outlook.com,949082-7718,India,1973-01-24
353,Yuvaraj Naicker,yuvaraj.naicker@gmail.com,899371-4521,India,1970-02-14
354,Yamini Gounder,yamini.gounder537@hotmail.com,872686-0259,India,2003-09-13
355,Madhavan Pandian,madhavan.pandian@outlook.com,944742-1230,India,1999-05-03
356,Priya Iyengar,priya.iyengar876@hotmail.com,630973-3977,India,1984-10-27
357,Karthik Sekar,karthiksekar@example.com,962050-2099,India,1979-11-08
358,Ashwin Vasudevan,ashwinvasudevan@yahoo.com,879982-7950,India,1999-06-23
359,Kausalya Gounder,kausalya.gounder@outlook.com,881472-1458,India,1988-07-14
360,Harish Shanmugam,harish.shanmugam@outlook.com,789469-5489,India,1980-11-15
361,Prakash Veeramani,prakash.veeramani510@gmail.com,873430-1071,India,2000-11-13
362,Chithra Krishnan,chithrakrishnan@example.com,793441-4488,India,1999-05-30
363,Sundar Pillai,sundar.pillai@gmail.com,955577-0272,India,1985-08-30
364,Indumathi Naicker,indumathi17@hotmail.com,785880-3955,India,1971-09-13
365,Monisha Ramanathan,monisharamanathan@hotmail.com,876291-4504,India,1968-11-23
366,Aishwarya Sekar,aishwarya57@gmail.com,884215-0317,India,1966-02-13
367,Karpagam Chandrasekar,karpagam29@outlook.com,788452-1823,Sri Lanka,1966-08-22
368,Archana Veeramani,archana24@example.com,799157-0184,India,1990-11-28
369,Yamini Nathan,yamininathan@yahoo.com,948571-4224,India,1965-09-07
370,Harish Sankaran,harish54@yahoo.com,964932-1495,India,1984-11-25
371,Senthil Ramanathan,senthil.ramanathan@example.com,910166-2997,India,1980-12-14
372,Preeti Mani,preeti.mani@outlook.com,872171-7477,India,1975-01-15
373,Hari Gounder,hari60@yahoo.com,897017-1577,India,1977-08-30
374,Uma Mahadevan,uma.mahadevan@outlook.com,781581-4876,India,1983-07-19
375,Deepak Gurumurthy,deepak.gurumurthy998@outlook.com,975396-6958,UAE,1975-08-06
376,Vikram Mahadevan,vikram.mahadevan118@yahoo.com,881724-6191,Malaysia,2001-07-08
377,Kausalya Venkataraman,kausalya.venkataraman@example.com,952902-2784,India,1992-08-12
378,Revathi Nathan,revathi97@yahoo.com,874651-9098,India,2003-01-09
379,Mohan Narayanan,mohan.narayanan@example.com,788514-0369,India,1993-01-17
380,Keerthana Chettiar,keerthana.chettiar391@hotmail.com,952723-8656,India,1977-12-10
381,Pradeep Subramanian,pradeep.subramanian@gmail.com,787621-2679,India,1992-12-16
382,Varun Chandrasekar,varun.chandrasekar566@outlook.com,933269-0973,Australia,1987-07-05
383,Chithra Sankaran,chithra.sankaran@example.com,877519-7128,India,1985-11-09
384,Ravichandran Shanmugam,ravichandran.shanmugam252@example.com,798949-0580,India,1985-05-14
385,Sandhya Pillai,sandhya63@yahoo.com,960949-4079,India,1990-09-12
386,Mohan Shanmugam,mohan.shanmugam294@example.com,968144-2944,India,1965-08-21
387,Rajesh Rajagopal,rajesh.rajagopal675@yahoo.com,632437-2805,India,1971-07-05
388,Prakash Naicker,prakash.naicker244@gmail.com,959504-1027,India,1986-05-13
389,Jayanthi Sankaran,jayanthi.sankaran389@outlook.com,942860-4765,India,1995-08-20
390,Murugan Sankaran,murugan.sankaran363@hotmail.com,794544-1496,India,1999-09-07
391,Sathish Veeramani,sathishveeramani@yahoo.com,880010-6181,Malaysia,1985-01-02
392,Suganya Swamy,suganya.swamy@example.com,871093-9111,India,1970-10-30
393,Deepika Mahadevan,deepika.mahadevan@gmail.com,944717-4654,India,2000-01-09
394,Kumar Narayanan,kumar58@example.com,944271-7396,India,1993-12-15
395,Deepa Pandian,deepa.pandian788@gmail.com,871741-0119,India,1999-11-13
396,Divya Venkataraman,divya.venkataraman@example.com,796425-6908,Canada,1999-08-02
397,Jayanthi Reddy,jayanthi.reddy@hotmail.com,950671-9855,Malaysia,1978-08-02
398,Anitha Viswanathan,anitha56@example.com,894328-0634,UK,1982-07-02
399,Yogesh Venkataraman,yogesh.venkataraman907@gmail.com,960309-3761,India,1993-11-11
400,Mythili Sankaran,mythili.sankaran@example.com,930506-1387,Singapore,2004-01-14
401,Balaji Swaminathan,balajiswaminathan@outlook.com,790790-3202,India,1967-03-30
402,Anusree Vasudevan,anusreevasudevan@hotmail.com,971179-9313,India,1980-02-19
403,Kausalya Sundaram,kausalyasundaram@yahoo.com,633092-5114,India,1998-12-25
404,Gayatri Gounder,gayatri.gounder169@gmail.com,870219-6207,India,1965-04-15
405,Rajesh Viswanathan,rajesh93@outlook.com,787232-4876,India,1972-10-30
406,Ganesh Venkataraman,ganesh.venkataraman@yahoo.com,936083-3181,India,1981-03-27
407,Abhinav Nathan,abhinavnathan@example.com,632772-2005,India,1974-05-27
408,Pavithra Pillai,pavithra.pillai825@example.com,970822-0781,India,2005-02-24
409,Akash Rajagopal,akash.rajagopal334@gmail.com,785315-3136,India,1981-11-05
410,Vikram Kannan,vikram.kannan@outlook.com,963972-6527,Sri Lanka,1973-09-17
411,Soundarya Mani,soundarya.mani@hotmail.com,984217-7625,India,2004-10-05
412,Uma Selvam,umaselvam@hotmail.com,883168-7397,India,1977-07-10
413,Siddharth Sekar,siddharth.sekar336@hotmail.com,959290-6007,India,1966-07-05
414,Padma Nadar,padma.nadar@outlook.com,893180-6325,India,1975-09-22
415,Surya Kannan,suryakannan@outlook.com,879077-2625,India,1985-10-30
416,Vikram Chettiar,vikram.chettiar@yahoo.com,914989-3195,India,1988-02-03
417,Aishwarya Narayanan,aishwarya24@outlook.com,870552-8183,India,1980-01-10
418,Dhiraj Sundaram,dhirajsundaram@gmail.com,935486-4015,India,1985-04-18
419,Nandhini Veeramani,nandhini25@outlook.com,875137-1162,India,1968-06-14
420,Dinesh Kumar,dineshkumar@outlook.com,963804-6827,India,1983-11-06
421,Madhumitha Ramanathan,madhumitha.ramanathan@example.com,633856-9557,India,1994-11-14
422,Indumathi Srinivas,indumathi82@gmail.com,634375-4025,India,1985-06-14
423,Madhavan Sankaran,madhavansankaran@gmail.com,963105-9274,India,1973-04-11
424,Suresh Balakrishnan,suresh54@outlook.com,882841-0672,India,1979-05-14
425,Karthik Sankaran,karthik74@outlook.com,949297-5170,India,1995-06-01
426,Parthiban Ramanathan,parthibanramanathan@outlook.com,931509-3983,India,1973-10-12
427,Ajith Sankaran,ajith.sankaran@hotmail.com,913759-9805,India,1971-08-21
428,Yamuna Chettiar,yamuna57@yahoo.com,934781-3767,India,1972-05-07
429,Lavanya Naicker,lavanya.naicker@gmail.com,954785-1961,India,1983-05-15
430,Chithra Rajan,chithrarajan@gmail.com,966487-0494,India,1990-02-02
431,Suganya Ramanathan,suganya10@yahoo.com,797146-2730,India,1999-04-22
432,Mythili Swaminathan,mythili86@hotmail.com,899647-1589,India,2002-12-02
433,Gayatri Rajagopal,gayatri17@outlook.com,782520-4565,India,1978-01-02
434,Padma Swaminathan,padmaswaminathan@example.com,872855-4451,India,1991-01-08
435,Anusree Pandian,anusree11@yahoo.com,637652-1328,India,2002-04-21
436,Gopinath Sankaran,gopinath.sankaran@outlook.com,891120-7545,India,2001-08-26
437,Aishwarya Thirunavukkarasu,aishwarya76@gmail.com,784013-2234,India,1974-06-01
438,Ajith Reddy,ajith.reddy@example.com,987603-1089,India,1986-01-16
439,Elango Krishnan,elango.krishnan@example.com,631939-3250,India,1971-07-13
440,Subhashini Mudaliar,subhashinimudaliar@hotmail.com,871190-8334,India,2005-06-12
441,Murugan Nathan,murugan.nathan872@yahoo.com,789271-2566,India,1988-01-26
442,Naveen Sundaram,naveen.sundaram127@example.com,882754-8015,India,1970-03-11
443,Vidya Iyengar,vidya86@outlook.com,958646-3175,India,1965-07-29
444,Harini Vasudevan,harini.vasudevan@example.com,966691-2153,India,1973-12-26
445,Swetha Moorthy,swetha.moorthy743@yahoo.com,639946-5796,India,1987-12-11
446,Sangeetha Iyengar,sangeetha23@outlook.com,893201-0170,India,1982-03-02
447,Sangeetha Srinivas,sangeetha.srinivas@example.com,798773-4778,India,1989-05-02
448,Trisha Sankaran,trisha.sankaran@outlook.com,976756-7700,India,1989-12-21
449,Aishwarya Selvam,aishwaryaselvam@yahoo.com,786719-7889,India,1986-05-08
450,Sivakumar Narayanan,sivakumar.narayanan270@hotmail.com,919545-0090,India,2002-07-18
451,Shanthi Rajagopal,shanthi13@outlook.com,976556-5033,India,1994-01-27
452,Subhashini Viswanathan,subhashini98@example.com,932085-0769,India,2005-06-08
453,Soundarya Ramanathan,soundarya.ramanathan@yahoo.com,919659-1713,India,1987-04-14
454,Gayatri Shanmugam,gayatri.shanmugam373@gmail.com,891834-4049,India,2001-02-03
455,Saravanan Rajagopal,saravanan22@yahoo.com,979876-3514,India,2001-01-26
456,Dharani Sankaran,dharani.sankaran205@outlook.com,949878-2082,India,1987-05-24
457,Abhinav Kumar,abhinav.kumar546@hotmail.com,780835-7232,Malaysia,1999-05-05
458,Sridevi Reddy,sridevi.reddy@gmail.com,914424-9363,India,1971-09-23
459,Ramesh Sekar,ramesh.sekar476@hotmail.com,916032-4204,India,1994-07-19
460,Venkatesh Venkataraman,venkatesh.venkataraman@yahoo.com,874165-1623,India,1990-08-12
461,Ravichandran Rajagopal,ravichandran.rajagopal258@example.com,959155-9636,India,1971-06-22
462,Rajesh Nathan,rajesh.nathan451@yahoo.com,870785-1586,India,1995-08-17
463,Kumar Pandian,kumar56@yahoo.com,989003-4864,India,1996-06-05
464,Karpagam Sundaram,karpagamsundaram@outlook.com,910644-1343,India,1984-09-08
465,Aishwarya Naicker,aishwarya.naicker@outlook.com,896561-2481,India,1983-11-18
466,Indumathi Ramanathan,indumathiramanathan@outlook.com,632063-4591,India,1972-01-30
467,Ravichandran Perumal,ravichandran.perumal703@yahoo.com,897242-9543,India,1983-08-06
468,Abirami Nadar,abiraminadar@example.com,988931-7342,India,1982-12-28
469,Uma Prasad,uma29@gmail.com,871086-7713,Australia,1974-02-11
470,Jayakumar Swamy,jayakumarswamy@outlook.com,959343-6262,India,1978-01-07
471,Malathi Shanmugam,malathishanmugam@yahoo.com,877107-2563,Australia,1982-03-16
472,Madhumitha Thirunavukkarasu,madhumitha.thirunavukkarasu@hotmail.com,980537-5990,India,1976-05-18
473,Janani Nadar,jananinadar@hotmail.com,989242-8757,India,1969-01-08
474,Keerthana Veeramani,keerthana65@example.com,930274-5644,India,2002-03-19
475,Padma Balakrishnan,padmabalakrishnan@yahoo.com,787287-0320,India,1973-03-20
476,Adithya Prasad,adithya.prasad723@outlook.com,977075-8777,India,2002-12-11
477,Vignesh Mudaliar,vignesh21@gmail.com,968499-3908,India,1973-02-06
478,Dhanalakshmi Swaminathan,dhanalakshmi.swaminathan787@example.com,930416-5915,India,1966-04-19
479,Varun Kannan,varun68@hotmail.com,790509-7592,India,2003-09-22
480,Loganathan Balakrishnan,loganathan.balakrishnan@hotmail.com,876164-2361,India,2003-03-27
481,Madhavan Chettiar,madhavanchettiar@example.com,947649-2515,India,1973-12-19
482,Hemalatha Chettiar,hemalatha.chettiar275@example.com,636592-6610,India,1980-05-01
483,Harini Moorthy,harinimoorthy@outlook.com,888147-6174,India,1970-09-25
484,Monisha Sekar,monisha76@hotmail.com,988108-1866,India,1985-11-04
485,Shanthi Prasad,shanthi.prasad@example.com,787226-0164,India,1991-05-05
486,Nivedha Iyer,nivedha89@yahoo.com,632321-9416,India,1965-10-21
487,Yuvaraj Sundaram,yuvaraj.sundaram176@outlook.com,786974-9956,India,1968-12-06
488,Pradeep Subramanian,pradeep.subramanian@gmail.com,983723-6831,India,1999-07-13
489,Sangeetha Kannan,sangeetha.kannan@gmail.com,967770-7933,India,1990-07-18
490,Anitha Pillai,anitha.pillai106@outlook.com,899984-0767,India,1991-07-07
491,Suganya Narayanan,suganya.narayanan20@hotmail.com,938146-7179,India,1980-07-22
492,Ishwarya Reddy,ishwarya12@gmail.com,895738-3959,Australia,1994-06-21
493,Ramya Swamy,ramya.swamy983@yahoo.com,637293-4172,India,1973-12-13
494,Raghuram Vasudevan,raghuram.vasudevan966@yahoo.com,953800-5452,India,2002-02-21
495,Dhanush Pillai,dhanushpillai@example.com,883745-5084,India,2003-04-14
496,Ashwin Iyer,ashwin.iyer@example.com,639918-0812,India,1970-04-19
497,Balamurugan Selvam,balamurugan.selvam726@hotmail.com,891255-2137,India,1999-07-04
498,Deepak Kannan,deepakkannan@example.com,945653-2863,India,2000-12-19
499,Chithra Naicker,chithra68@example.com,892081-1556,India,1984-06-21
500,Yuvaraj Krishnan,yuvarajkrishnan@hotmail.com,988466-8455,India,2002-02-05
501,Karpagam Veeramani,karpagamveeramani@outlook.com,893899-7563,India,1968-10-12
502,Kamalesh Pillai,kamaleshpillai@hotmail.com,884318-8485,India,1972-03-06
503,Ramesh Sankaran,rameshsankaran@yahoo.com,786810-5485,India,1967-02-22
504,Gokul Srinivas,gokul.srinivas@outlook.com,933998-9354,India,1994-12-01
505,Sasikumar Veeramani,sasikumar41@hotmail.com,873571-2661,India,1967-10-16
506,Aishwarya Perumal,aishwarya.perumal220@example.com,938698-8649,India,1993-07-20
507,Hemalatha Venkataraman,hemalathavenkataraman@gmail.com,882772-8813,India,1986-03-27
508,Madhavan Gurumurthy,madhavan.gurumurthy@hotmail.com,911159-4082,India,1981-08-31
509,Yamuna Srinivas,yamuna.srinivas@gmail.com,969604-4327,India,1970-06-28
510,Lakshmi Krishnan,lakshmi63@hotmail.com,895679-2287,India,1994-12-06
511,Sangeetha Balakrishnan,sangeetha.balakrishnan820@outlook.com,956580-7412,Canada,1966-02-11
512,Radhika Sundaram,radhika.sundaram@gmail.com,878909-8378,India,1970-05-25
513,Surya Kumar,surya.kumar252@example.com,638956-9070,India,1984-08-09
514,Vishnu Ramanathan,vishnu.ramanathan325@yahoo.com,971182-4224,India,1971-12-02
515,Chithra Selvam,chithra17@gmail.com,980461-5265,India,1981-11-05
516,Ashwin Mani,ashwinmani@outlook.com,888614-0578,India,1967-12-09
517,Divya Naicker,divya.naicker@yahoo.com,889138-2496,India,1968-10-06
518,Pravin Gounder,pravingounder@hotmail.com,918700-7942,India,1967-09-13
519,Soundarya Thirunavukkarasu,soundarya.thirunavukkarasu860@yahoo.com,793984-0289,India,1978-06-27
520,Yuvaraj Sundaram,yuvaraj27@outlook.com,959855-4743,India,1979-06-06
521,Nithya Iyengar,nithya.iyengar@gmail.com,790970-0268,UK,1996-07-19
522,Nivedha Nadar,nivedha.nadar@hotmail.com,987156-9562,UK,1965-05-19
523,Abhinav Gounder,abhinav.gounder@gmail.com,780453-1943,India,1987-02-25
524,Kavitha Kumar,kavithakumar@example.com,956149-8728,India,1994-08-07
525,Dhanush Rajagopal,dhanush.rajagopal@gmail.com,949384-3089,India,1995-07-15
526,Priya Reddy,priya.reddy@yahoo.com,916418-7758,India,2004-08-24
527,Ashwin Kumar,ashwin.kumar546@yahoo.com,986351-9036,India,1976-03-19
528,Dinesh Pillai,dinesh.pillai@example.com,896095-4317,India,1980-04-15
529,Siva Veeramani,siva.veeramani@hotmail.com,877179-1100,India,1979-01-20
530,Senthil Narayanan,senthil66@hotmail.com,796110-8046,India,1969-04-20
531,Suganya Thirunavukkarasu,suganya.thirunavukkarasu@outlook.com,917699-1507,India,1979-09-22
532,Muthu Vasudevan,muthu.vasudevan@hotmail.com,633928-4567,Sri Lanka,1992-11-07
533,Abirami Sekar,abirami.sekar@example.com,964968-5498,India,1971-08-13
534,Janani Thirunavukkarasu,janani53@example.com,889203-8806,India,1973-10-07
535,Narendran Swaminathan,narendran.swaminathan194@outlook.com,875995-9465,India,1969-09-14
536,Aishwarya Krishnan,aishwarya.krishnan@gmail.com,783793-3756,India,1982-12-16
537,Karthik Gounder,karthik11@example.com,881247-3950,India,1973-12-07
538,Loganathan Rajan,loganathan38@gmail.com,938323-0241,India,2002-04-19
539,Sasikumar Sundaram,sasikumarsundaram@yahoo.com,893552-8961,India,1971-06-25
540,Sathish Mani,sathish78@yahoo.com,876309-9384,India,1979-09-13
541,Ashwin Kumar,ashwin.kumar872@gmail.com,781791-2868,India,1987-05-14
542,Abirami Balakrishnan,abirami.balakrishnan539@outlook.com,894969-0333,India,2003-09-21
543,Yuvaraj Nathan,yuvaraj.nathan436@hotmail.com,965481-2147,India,1980-10-09
544,Venkatesh Iyengar,venkatesh75@outlook.com,897665-7546,India,1973-01-21
545,Suganya Prasad,suganya92@example.com,948881-4311,India,1981-02-28
546,Dhiraj Mani,dhiraj52@yahoo.com,944392-8404,India,2001-11-20
547,Sneha Nadar,sneha.nadar@outlook.com,798263-3373,India,1991-05-02
548,Lavanya Iyengar,lavanya.iyengar@yahoo.com,956637-7805,India,1990-11-27
549,Parthiban Subramanian,parthiban73@yahoo.com,956668-4590,India,2000-03-25
550,Pradeep Pandian,pradeep.pandian582@outlook.com,956186-3715,India,1985-04-03
551,Meena Selvam,meenaselvam@example.com,789702-3164,India,1975-06-16
552,Deepika Veeramani,deepika.veeramani@yahoo.com,880256-6212,India,1983-10-09
553,Madhumitha Swaminathan,madhumithaswaminathan@gmail.com,954672-9949,India,1987-07-17
554,Soundarya Mani,soundarya.mani147@example.com,919385-9777,India,1966-10-03
555,Loganathan Iyengar,loganathan54@outlook.com,872632-9676,India,1973-03-25
556,Yuvaraj Krishnan,yuvarajkrishnan@yahoo.com,798413-7681,India,1968-06-07
557,Sivakumar Balakrishnan,sivakumarbalakrishnan@yahoo.com,958070-1765,India,2003-05-22
558,Yuvaraj Krishnan,yuvaraj.krishnan@gmail.com,937771-1837,India,1986-02-13
559,Monisha Selvam,monisha.selvam@hotmail.com,972418-6210,Singapore,1977-04-04
560,Akash Mudaliar,akash.mudaliar@hotmail.com,957081-6470,India,1965-03-18
561,Sasikumar Mani,sasikumarmani@gmail.com,970600-5313,India,2000-09-30
562,Dinesh Krishnan,dinesh.krishnan@yahoo.com,938393-8661,India,1974-08-04
563,Yogesh Balakrishnan,yogesh.balakrishnan16@yahoo.com,986373-1495,India,1968-01-09
564,Naveen Srinivas,naveen.srinivas@hotmail.com,639241-9562,India,1972-11-12
565,Sridevi Kannan,sridevi.kannan@hotmail.com,877683-8903,India,1992-08-25
566,Parthiban Sekar,parthibansekar@hotmail.com,970257-4326,India,1993-10-20
567,Chandran Thirunavukkarasu,chandran66@gmail.com,945086-4035,India,1975-11-14
568,Dhiraj Narayanan,dhirajnarayanan@hotmail.com,918527-0171,India,1967-05-04
569,Harish Perumal,harishperumal@gmail.com,881674-2336,India,1992-03-06
570,Natarajan Swamy,natarajanswamy@yahoo.com,637156-6277,India,1987-09-01
571,Nivedha Pandian,nivedha.pandian21@outlook.com,974982-8246,India,1978-09-21
572,Vidya Chettiar,vidya.chettiar621@example.com,932732-3008,Sri Lanka,1981-10-15
573,Bhavani Naicker,bhavani60@outlook.com,894916-0169,India,1973-09-18
574,Pavithra Mudaliar,pavithra.mudaliar727@yahoo.com,780663-3705,India,1996-09-11
575,Pravin Prasad,pravinprasad@yahoo.com,959920-1166,Canada,1991-04-18
576,Ravichandran Mani,ravichandran.mani170@yahoo.com,784886-9461,India,1993-07-16
577,Anusree Pandian,anusreepandian@outlook.com,784027-0116,India,1983-09-13
578,Lavanya Reddy,lavanya31@gmail.com,782372-8179,India,1973-04-30
579,Arvind Rajan,arvind.rajan266@outlook.com,799121-4161,India,1967-11-19
580,Divya Rajagopal,divya.rajagopal490@example.com,980409-0138,India,1981-11-07
581,Thilagavathi Venkataraman,thilagavathi70@hotmail.com,915555-3566,India,1967-07-27
582,Sowmya Pillai,sowmya.pillai4@outlook.com,782091-8435,India,1992-09-27
583,Nandhini Naicker,nandhini.naicker@yahoo.com,985057-3976,India,2000-08-13
584,Vimal Reddy,vimal.reddy@outlook.com,949328-9802,India,2000-09-29
585,Natarajan Gurumurthy,natarajan.gurumurthy173@example.com,898333-2116,Australia,1966-04-24
586,Ranganathan Chettiar,ranganathan45@outlook.com,791287-1539,India,1967-11-26
587,Archana Chettiar,archana.chettiar658@gmail.com,954141-1159,India,1998-05-27
588,Manikandan Perumal,manikandan.perumal977@hotmail.com,780409-8366,India,1999-08-07
589,Trisha Perumal,trishaperumal@example.com,910875-2437,Malaysia,1985-06-12
590,Loganathan Pandian,loganathan.pandian@hotmail.com,934814-9737,India,1996-08-02
591,Anitha Pillai,anithapillai@gmail.com,780276-4208,India,1980-02-20
592,Harini Kannan,harini.kannan776@outlook.com,978443-8612,India,1998-09-30
593,Natarajan Iyengar,natarajaniyengar@outlook.com,787423-3305,Sri Lanka,2003-05-29
594,Pravin Chettiar,pravinchettiar@example.com,975720-1859,India,1971-09-01
595,Malathi Krishnan,malathi.krishnan247@outlook.com,949261-7647,India,1965-07-10
596,Sundar Viswanathan,sundarviswanathan@example.com,879974-1926,India,1993-12-01
597,Janani Mahadevan,janani26@example.com,788260-6888,India,1967-11-14
598,Harish Sundaram,harishsundaram@example.com,887510-2932,India,1990-03-26
599,Sridevi Krishnan,sridevi20@yahoo.com,882603-4084,India,1988-12-16
600,Ramya Mahadevan,ramya72@hotmail.com,939883-1030,India,1971-05-11
601,Sridevi Nathan,sridevinathan@hotmail.com,934296-1844,India,1994-02-23
602,Santhosh Iyengar,santhosh20@outlook.com,782831-4359,India,1994-01-22
603,Vishnu Pandian,vishnu.pandian807@outlook.com,989314-1818,India,1967-12-17
604,Yamini Viswanathan,yamini56@yahoo.com,963401-6361,India,1972-11-19
605,Subhashini Venkataraman,subhashini22@hotmail.com,948491-0256,India,1980-06-26
606,Jayanthi Rajagopal,jayanthi.rajagopal@hotmail.com,782226-9405,Canada,1999-11-18
607,Vishnu Iyengar,vishnu33@outlook.com,884468-3414,India,1999-07-27
608,Sridevi Viswanathan,sridevi.viswanathan@gmail.com,972901-4870,India,1995-05-16
609,Kamesh Venkataraman,kamesh.venkataraman@outlook.com,989306-8538,Malaysia,1992-04-30
610,Gokul Selvam,gokulselvam@gmail.com,975285-0676,India,1981-09-29
611,Thiru Sekar,thiru.sekar@yahoo.com,947443-0963,India,1993-11-04
612,Abhinav Shanmugam,abhinav72@example.com,877545-1052,India,1980-11-26
613,Murugan Reddy,murugan.reddy@hotmail.com,882617-0243,India,1982-09-26
614,Janani Gounder,jananigounder@hotmail.com,634177-2256,India,1981-02-11
615,Sundar Mani,sundarmani@outlook.com,915023-7416,India,1989-09-05
616,Trisha Perumal,trisha.perumal770@hotmail.com,786211-0225,India,1965-08-12
617,Ashwin Pillai,ashwin.pillai@outlook.com,894471-6392,India,1973-05-20
618,Kumar Sundaram,kumarsundaram@outlook.com,957189-2392,India,1970-05-28
619,Santhosh Krishnan,santhoshkrishnan@outlook.com,989310-6684,UK,1993-05-30
620,Ashok Pillai,ashok.pillai@hotmail.com,910414-5456,India,1979-05-08
621,Ganesh Krishnan,ganesh10@gmail.com,947491-6247,India,1979-12-30
622,Swetha Vasudevan,swethavasudevan@yahoo.com,935989-5343,India,1982-03-25
623,Muthu Perumal,muthu.perumal@example.com,873371-1895,India,1997-07-16
624,Nivedha Mani,nivedhamani@example.com,963684-8557,India,1997-03-06
625,Anand Swaminathan,anand.swaminathan@gmail.com,874240-9036,India,1995-09-19
626,Dinesh Iyer,dinesh.iyer394@outlook.com,874320-2939,UK,1965-05-26
627,Nandhini Veeramani,nandhiniveeramani@yahoo.com,784812-3083,India,1966-10-03
628,Kumar Perumal,kumar.perumal@gmail.com,958105-9551,Canada,2004-08-27
629,Lavanya Perumal,lavanya62@yahoo.com,980534-2408,India,2003-12-09
630,Sasikumar Prasad,sasikumarprasad@outlook.com,955439-6273,Sri Lanka,1984-06-19
631,Sangeetha Kannan,sangeethakannan@outlook.com,962397-2404,India,2004-09-16
632,Yuvaraj Thirunavukkarasu,yuvarajthirunavukkarasu@example.com,913761-8209,India,1981-12-14
633,Divya Sundaram,divya.sundaram@gmail.com,951429-0018,India,2003-04-02
634,Narendran Perumal,narendran.perumal778@gmail.com,945723-0848,India,1965-12-14
635,Muthu Sankaran,muthu.sankaran106@gmail.com,983036-6254,India,2004-06-06
636,Harini Sundaram,harini.sundaram@gmail.com,974519-5151,India,1992-02-13
637,Rajesh Reddy,rajeshreddy@outlook.com,964945-1475,India,2001-05-14
638,Karthik Pandian,karthik93@gmail.com,917711-9642,India,1979-06-29
639,Ganesh Chettiar,ganesh.chettiar327@outlook.com,896952-3668,India,1989-03-02
640,Rajeswari Sankaran,rajeswari.sankaran@hotmail.com,786893-1350,India,2003-02-27
641,Balamurugan Gurumurthy,balamurugangurumurthy@example.com,985524-7286,India,1974-06-15
642,Arvind Perumal,arvindperumal@outlook.com,780650-1917,India,2004-01-18
643,Ramesh Pandian,ramesh.pandian@gmail.com,970962-2728,UK,1978-06-09
644,Chithra Pillai,chithra.pillai@yahoo.com,972009-2820,India,2002-05-09
645,Harini Iyengar,harini80@hotmail.com,884362-4186,India,1998-05-03
646,Santhosh Shanmugam,santhosh.shanmugam225@gmail.com,788917-7566,India,1967-06-15
647,Aarthi Reddy,aarthi.reddy@example.com,975950-3428,India,1967-12-07
648,Vijay Srinivas,vijaysrinivas@example.com,954199-0970,India,1979-02-11
649,Parthiban Subramanian,parthiban55@outlook.com,883565-2156,India,1969-07-13
650,Ramesh Rajagopal,ramesh.rajagopal@yahoo.com,962711-3322,India,1988-02-29
651,Hemalatha Perumal,hemalatha53@hotmail.com,910633-9912,India,1993-02-28
652,Deepa Subramanian,deepa28@hotmail.com,631717-5242,India,1977-07-26
653,Shanthi Viswanathan,shanthi.viswanathan184@yahoo.com,894721-9705,India,1982-12-26
654,Sridevi Shanmugam,sridevi.shanmugam133@yahoo.com,889551-6874,Malaysia,1966-12-01
655,Deepak Gurumurthy,deepak.gurumurthy@yahoo.com,912961-3671,India,1985-11-24
656,Aarthi Sankaran,aarthi.sankaran@gmail.com,781663-6515,India,1992-02-10
657,Nithya Kannan,nithya.kannan286@example.com,882723-5909,India,1967-10-20
658,Sneha Reddy,sneha.reddy@gmail.com,986442-1214,India,1968-08-31
659,Sowmya Iyer,sowmyaiyer@yahoo.com,960165-4235,India,1986-08-09
660,Rajeswari Selvam,rajeswari99@hotmail.com,910893-1992,India,1994-10-16
661,Priya Pandian,priyapandian@outlook.com,931648-0727,India,1990-12-12
662,Suresh Nathan,sureshnathan@hotmail.com,913533-9055,India,1978-07-19
663,Nandhini Sundaram,nandhini.sundaram512@outlook.com,915586-8512,India,1984-03-20
664,Abirami Gurumurthy,abirami.gurumurthy167@outlook.com,946491-1110,India,1983-06-14
665,Prakash Shanmugam,prakash.shanmugam103@hotmail.com,870463-3786,India,1973-10-10
666,Swetha Mudaliar,swetha.mudaliar423@example.com,933844-4463,India,2005-05-19
667,Kavitha Subramanian,kavitha13@hotmail.com,789552-9638,India,1973-08-23
668,Monisha Narayanan,monishanarayanan@outlook.com,782658-2631,Canada,2000-12-09
669,Sivakumar Sundaram,sivakumar.sundaram591@yahoo.com,882531-1060,India,1999-07-18
670,Ramesh Shanmugam,ramesh.shanmugam@hotmail.com,910275-2334,India,1989-01-07
671,Sasikumar Prasad,sasikumar94@example.com,960911-7911,India,1977-09-02
672,Karpagam Rajan,karpagam.rajan80@yahoo.com,956170-6171,India,1995-11-01
673,Archana Balakrishnan,archana.balakrishnan931@gmail.com,964029-9015,India,1986-09-16
674,Madhavan Veeramani,madhavan.veeramani@gmail.com,870808-8235,India,2005-04-23
675,Ramesh Balakrishnan,ramesh.balakrishnan@gmail.com,944731-5847,India,1984-07-24
676,Thilagavathi Mani,thilagavathimani@yahoo.com,911994-2376,India,1984-01-04
677,Anusree Balakrishnan,anusree.balakrishnan111@outlook.com,959551-7208,India,1991-04-30
678,Vidya Thirunavukkarasu,vidya92@outlook.com,981256-2531,India,1994-06-21
679,Yamuna Pandian,yamuna.pandian@yahoo.com,780537-9538,India,1982-04-19
680,Uma Nathan,uma.nathan@hotmail.com,949196-6553,India,1967-03-25
681,Mythili Krishnan,mythili.krishnan@example.com,892959-6390,India,1965-10-20
682,Abhinav Swamy,abhinav.swamy862@example.com,888050-1716,Sri Lanka,1978-07-03
683,Kausalya Mudaliar,kausalya61@outlook.com,870647-7159,India,1966-04-25
684,Ashwin Subramanian,ashwin27@outlook.com,952135-8004,India,1969-12-21
685,Natarajan Swaminathan,natarajan.swaminathan338@yahoo.com,782297-1252,India,2004-10-28
686,Yamini Iyer,yaminiiyer@hotmail.com,897457-3144,Australia,1968-09-18
687,Radhika Sekar,radhikasekar@example.com,977030-3763,India,1969-09-09
688,Nithya Rajagopal,nithya77@yahoo.com,787281-2356,India,2003-12-06
689,Santhosh Mani,santhosh.mani285@gmail.com,794912-7113,India,2005-02-08
690,Abirami Kumar,abirami.kumar488@yahoo.com,941815-6326,India,1984-04-30
691,Anitha Iyer,anitha.iyer@example.com,796634-3629,India,1988-10-03
692,Padma Reddy,padma.reddy@gmail.com,973100-9431,India,1969-07-14
693,Suganya Shanmugam,suganya.shanmugam734@outlook.com,911347-3235,India,1977-12-02
694,Lavanya Subramanian,lavanya.subramanian190@yahoo.com,783251-2257,India,1965-07-28
695,Dharani Pillai,dharani12@example.com,960957-9073,India,1969-11-28
696,Surya Mahadevan,suryamahadevan@hotmail.com,882211-4577,India,1989-06-24
697,Deepika Venkataraman,deepika.venkataraman374@example.com,934589-7148,India,1965-12-06
698,Naveen Moorthy,naveen94@outlook.com,983965-3136,India,1969-11-04
699,Aishwarya Sankaran,aishwaryasankaran@yahoo.com,795569-6443,India,1990-12-30
700,Monisha Shanmugam,monisha.shanmugam444@hotmail.com,635410-7272,India,1977-12-31
701,Natarajan Venkataraman,natarajan46@example.com,890349-1074,India,1984-04-21
702,Deepika Subramanian,deepikasubramanian@yahoo.com,948821-4236,India,1968-08-15
703,Suganya Krishnan,suganya70@gmail.com,636661-4494,India,1990-04-19
704,Harini Balakrishnan,harinibalakrishnan@yahoo.com,966834-4149,India,1985-09-08
705,Sasikumar Reddy,sasikumar.reddy142@yahoo.com,885756-7667,India,2005-12-08
706,Vishnu Viswanathan,vishnu27@gmail.com,878529-8940,India,1970-08-26
707,Deepika Subramanian,deepika.subramanian827@example.com,970415-9149,India,1995-12-24
708,Sowmya Narayanan,sowmya.narayanan@gmail.com,882872-3244,Sri Lanka,1965-04-16
709,Vaishnavi Mani,vaishnavi.mani@gmail.com,871813-3170,India,1984-11-28
710,Anitha Sundaram,anitha.sundaram415@gmail.com,958497-9162,India,1965-12-21
711,Pravin Sekar,pravinsekar@outlook.com,894419-7546,India,1996-04-18
712,Abhinav Naicker,abhinav.naicker@yahoo.com,891960-9409,India,1966-11-30
713,Ramya Iyengar,ramya.iyengar@gmail.com,938835-8681,India,1994-06-04
714,Yogesh Mahadevan,yogeshmahadevan@yahoo.com,634617-6792,India,1996-10-13
715,Ramya Balakrishnan,ramya85@hotmail.com,876100-2311,India,1995-06-23
716,Kausalya Moorthy,kausalyamoorthy@outlook.com,636109-4101,India,1999-03-30
717,Uma Ramanathan,uma.ramanathan@outlook.com,912983-3477,Singapore,1977-11-01
718,Narendran Selvam,narendranselvam@example.com,870130-2056,India,1989-07-09
719,Thiru Rajan,thiru.rajan748@gmail.com,959785-5982,India,1984-09-08
720,Yamini Chettiar,yamini.chettiar@gmail.com,638411-7309,India,1979-11-05
721,Ashok Swamy,ashok42@example.com,964189-3898,India,1982-11-28
722,Dhiraj Sundaram,dhiraj84@example.com,985643-5023,India,2001-08-21
723,Thilagavathi Narayanan,thilagavathi.narayanan@hotmail.com,870516-9918,India,1970-10-23
724,Lavanya Krishnan,lavanya.krishnan37@hotmail.com,955674-3000,India,1988-12-18
725,Harini Ramanathan,harini.ramanathan@outlook.com,636266-8217,India,2005-03-30
726,Shanthi Mani,shanthi.mani@gmail.com,951903-6890,India,2004-03-04
727,Arvind Swaminathan,arvind.swaminathan130@gmail.com,940559-3429,India,1986-06-23
728,Vikram Swaminathan,vikramswaminathan@outlook.com,785374-5843,India,2005-01-21
729,Kausalya Sankaran,kausalya.sankaran@yahoo.com,919741-3283,India,1998-04-13
730,Vignesh Gounder,vigneshgounder@outlook.com,797107-0449,India,1978-06-23
731,Arvind Kumar,arvind.kumar394@example.com,916703-3626,India,1967-05-07
732,Kavitha Sankaran,kavitha.sankaran@hotmail.com,635493-0596,India,2000-02-09
733,Muthu Gurumurthy,muthu59@hotmail.com,896998-4267,India,1970-12-01
734,Kumar Kumar,kumar20@yahoo.com,876094-5449,India,1970-07-30
735,Sandhya Balakrishnan,sandhyabalakrishnan@outlook.com,890707-0578,India,1983-05-01
736,Ajith Kumar,ajith88@example.com,892444-7232,India,2004-01-31
737,Balaji Sundaram,balajisundaram@hotmail.com,899508-3044,India,1995-06-07
738,Rajeswari Krishnan,rajeswari86@example.com,978718-1335,India,1981-08-29
739,Lakshmi Reddy,lakshmi.reddy@yahoo.com,875565-7490,India,1981-07-10
740,Mohan Pandian,mohan.pandian@hotmail.com,955889-5369,India,1994-06-23
741,Sasikumar Viswanathan,sasikumarviswanathan@hotmail.com,889868-1809,India,1994-07-28
742,Kausalya Kumar,kausalya34@gmail.com,933537-5137,India,1981-03-27
743,Yogesh Gurumurthy,yogesh74@outlook.com,873763-9283,India,1995-03-29
744,Hari Swamy,hari.swamy@example.com,916829-7327,India,1972-06-25
745,Vishnu Prasad,vishnu.prasad729@example.com,960602-1288,India,2005-07-25
746,Shanthi Perumal,shanthiperumal@yahoo.com,975599-9101,India,1985-02-19
747,Yamini Iyer,yamini.iyer297@gmail.com,782981-2099,India,1995-03-26
748,Archana Balakrishnan,archana66@example.com,954750-9889,India,2002-11-12
749,Vidya Balakrishnan,vidyabalakrishnan@gmail.com,983684-9951,India,1977-10-11
750,Vignesh Swamy,vignesh.swamy499@gmail.com,964491-3421,India,1989-10-08
751,Ramesh Thirunavukkarasu,rameshthirunavukkarasu@example.com,890534-9678,India,2002-04-12
752,Vidya Sundaram,vidya.sundaram456@outlook.com,941241-5131,India,1972-01-12
753,Soundarya Iyengar,soundarya.iyengar@yahoo.com,986185-3800,India,1971-02-21
754,Sowmya Moorthy,sowmya96@outlook.com,967274-2318,Sri Lanka,1998-08-14
755,Karthik Reddy,karthikreddy@gmail.com,986496-9357,India,1994-06-21
756,Natarajan Moorthy,natarajan.moorthy685@outlook.com,636958-7413,India,2004-07-07
757,Chithra Iyer,chithra.iyer254@example.com,967515-6277,India,1983-06-26
758,Ramesh Swamy,rameshswamy@outlook.com,988545-6676,India,1976-09-11
759,Jayakumar Venkataraman,jayakumar.venkataraman@yahoo.com,896392-8319,India,1979-10-16
760,Dhiraj Ramanathan,dhiraj.ramanathan822@example.com,635581-0835,India,1973-11-26
761,Kamalesh Nadar,kamaleshnadar@yahoo.com,936383-0008,India,1987-07-01
762,Sneha Venkataraman,sneha15@yahoo.com,983304-1662,India,2003-09-01
763,Vikram Swaminathan,vikram.swaminathan740@example.com,988921-9639,India,2000-03-15
764,Dharani Chandrasekar,dharani12@outlook.com,951497-6461,India,1983-03-25
765,Jayanthi Swamy,jayanthiswamy@outlook.com,987658-1739,India,1982-10-29
766,Gokul Gounder,gokul.gounder@yahoo.com,932118-2379,India,1968-10-06
767,Santhosh Shanmugam,santhoshshanmugam@example.com,637464-5205,UAE,1990-05-12
768,Sowmya Subramanian,sowmyasubramanian@hotmail.com,637875-3577,India,1989-11-20
769,Muthu Reddy,muthu.reddy80@gmail.com,630281-2371,India,2004-09-21
770,Mythili Selvam,mythili.selvam823@gmail.com,788660-4164,Sri Lanka,2004-06-26
771,Padma Balakrishnan,padma88@hotmail.com,792248-3958,India,1976-04-09
772,Indumathi Nathan,indumathinathan@gmail.com,887056-2271,India,1978-12-28
773,Narendran Vasudevan,narendran78@example.com,989792-1583,India,1993-03-17
774,Sathish Kumar,sathish.kumar841@hotmail.com,784596-4883,India,1991-08-02
775,Muthu Nathan,muthu45@hotmail.com,972896-5999,India,2001-03-19
776,Nithya Selvam,nithyaselvam@gmail.com,979222-7051,India,1971-02-23
777,Dharani Kannan,dharani.kannan@gmail.com,886667-5485,India,1968-07-05
778,Dinesh Kumar,dinesh.kumar861@hotmail.com,897418-6520,India,2003-05-16
779,Pooja Mudaliar,poojamudaliar@outlook.com,932037-5830,India,1978-12-04
780,Deepa Gounder,deepa.gounder@hotmail.com,940476-0440,India,2001-12-07
781,Adithya Thirunavukkarasu,adithya.thirunavukkarasu466@gmail.com,898105-0922,India,1968-09-18
782,Monisha Sundaram,monisha.sundaram@yahoo.com,978439-0552,India,1997-05-24
783,Padma Subramanian,padma.subramanian413@example.com,973824-1270,India,1992-04-19
784,Sivakumar Naicker,sivakumar.naicker@yahoo.com,948515-7919,India,1968-12-15
785,Saravanan Rajan,saravanan21@hotmail.com,790203-5713,India,2002-07-24
786,Senthil Srinivas,senthil16@gmail.com,942956-3343,India,1978-03-26
787,Ishwarya Iyer,ishwarya.iyer95@yahoo.com,875587-2096,India,1989-02-17
788,Anand Mudaliar,anand92@gmail.com,938841-8343,India,1976-09-13
789,Sundar Veeramani,sundarveeramani@outlook.com,967955-9690,India,1996-06-16
790,Yogesh Subramanian,yogesh.subramanian432@yahoo.com,931254-2782,India,1984-09-10
791,Subhashini Mahadevan,subhashini.mahadevan446@outlook.com,954595-7640,India,1999-03-27
792,Vishnu Reddy,vishnu.reddy977@hotmail.com,982824-9839,India,1970-10-30
793,Sneha Narayanan,snehanarayanan@yahoo.com,896270-2324,India,1968-08-09
794,Chandran Nathan,chandrannathan@gmail.com,798507-2517,India,1995-10-23
795,Ishwarya Nathan,ishwarya.nathan685@outlook.com,783162-5265,India,2001-10-10
796,Uma Nadar,uma78@outlook.com,799039-2355,India,1987-06-30
797,Yuvaraj Swaminathan,yuvarajswaminathan@outlook.com,950346-1562,India,1971-10-06
798,Janani Chettiar,janani.chettiar841@example.com,946226-8171,India,1995-10-11
799,Santhosh Subramanian,santhoshsubramanian@hotmail.com,886707-6604,India,1976-08-08
800,Gokul Chandrasekar,gokul.chandrasekar800@yahoo.com,885126-8612,India,1980-02-15
801,Revathi Chandrasekar,revathi.chandrasekar746@outlook.com,987401-7750,India,1995-10-16
802,Pavithra Reddy,pavithra53@example.com,884245-6075,India,1993-07-12
803,Sundar Mudaliar,sundar.mudaliar545@gmail.com,961812-2764,India,1985-07-19
804,Gopinath Mahadevan,gopinath.mahadevan@yahoo.com,930291-6815,India,1998-08-11
805,Dharani Nadar,dharani12@example.com,911394-4988,India,1996-02-22
806,Manikandan Mahadevan,manikandan.mahadevan221@yahoo.com,782480-9624,India,1965-03-24
807,Nithya Ramanathan,nithyaramanathan@yahoo.com,947951-3305,India,1967-11-11
808,Lavanya Thirunavukkarasu,lavanya.thirunavukkarasu603@hotmail.com,938678-0555,India,2001-11-25
809,Sangeetha Iyengar,sangeethaiyengar@outlook.com,946091-7851,India,1998-07-22
810,Janani Swamy,janani.swamy463@example.com,969929-5966,India,1998-09-15
811,Radhika Venkataraman,radhikavenkataraman@outlook.com,871163-3194,India,2003-10-19
812,Santhosh Gurumurthy,santhoshgurumurthy@outlook.com,874551-5888,India,1975-02-06
813,Mythili Iyengar,mythili.iyengar846@gmail.com,966408-5721,India,1991-01-10
814,Chithra Naicker,chithra.naicker@hotmail.com,952998-1996,India,1979-08-01
815,Dinesh Mahadevan,dinesh.mahadevan@yahoo.com,989688-3275,Sri Lanka,2004-03-27
816,Rajesh Kannan,rajeshkannan@yahoo.com,970397-7397,India,2000-09-28
817,Abhinav Chandrasekar,abhinav92@gmail.com,957100-6876,India,2000-02-16
818,Pavithra Sankaran,pavithra.sankaran@outlook.com,890460-5687,India,2000-04-28
819,Muthu Pandian,muthu.pandian@gmail.com,936523-7341,India,1993-10-20
820,Varun Venkataraman,varun41@yahoo.com,947574-9490,India,1971-08-23
821,Divya Moorthy,divya57@yahoo.com,942947-7422,India,1992-04-01
822,Sridevi Chettiar,sridevichettiar@example.com,959429-0458,India,1983-03-17
823,Vaishnavi Selvam,vaishnaviselvam@hotmail.com,885856-7287,India,1986-09-17
824,Priya Swaminathan,priya53@gmail.com,952491-3577,India,2005-12-10
825,Gopinath Moorthy,gopinath.moorthy@outlook.com,791581-4888,India,2000-10-17
826,Gokul Mahadevan,gokulmahadevan@yahoo.com,632337-2094,India,1977-06-13
827,Sathish Swaminathan,sathish26@example.com,953399-7718,India,1979-04-22
828,Narendran Kannan,narendran.kannan@outlook.com,951893-9749,India,1991-02-04
829,Sowmya Sundaram,sowmyasundaram@hotmail.com,639704-6947,India,1972-12-02
830,Nandhini Kannan,nandhini75@yahoo.com,883548-8471,India,1986-11-15
831,Raghu Chandrasekar,raghuchandrasekar@gmail.com,976417-5823,India,1999-03-22
832,Manoj Srinivas,manoj74@hotmail.com,891493-9252,India,1999-05-19
833,Sneha Selvam,snehaselvam@yahoo.com,887964-3474,India,1971-07-04
834,Preeti Mudaliar,preeti50@outlook.com,876606-0652,India,1999-05-30
835,Divya Mani,divya36@yahoo.com,930566-5883,India,1992-09-14
836,Sridevi Kumar,sridevikumar@gmail.com,937970-6734,India,1991-04-17
837,Anitha Vasudevan,anitha17@yahoo.com,885741-7215,India,2001-12-23
838,Gautham Rajagopal,gauthamrajagopal@hotmail.com,977359-8488,India,1995-12-07
839,Pradeep Swaminathan,pradeep99@yahoo.com,637325-7375,India,1973-12-05
840,Pavithra Thirunavukkarasu,pavithra.thirunavukkarasu@outlook.com,916708-0850,India,1984-08-12
841,Sivakumar Balakrishnan,sivakumar78@hotmail.com,931191-8182,India,2002-12-18
842,Abhinav Shanmugam,abhinav.shanmugam@outlook.com,947725-1295,India,1988-09-03
843,Aishwarya Ramanathan,aishwarya61@example.com,876003-5624,India,1991-03-20
844,Rajeswari Iyengar,rajeswariiyengar@hotmail.com,939232-3421,India,1988-12-05
845,Senthil Sankaran,senthil.sankaran@yahoo.com,933334-2643,India,1999-08-25
846,Divya Perumal,divya.perumal127@example.com,893607-7633,India,1991-06-24
847,Saravanan Rajan,saravanan.rajan@gmail.com,633179-5563,India,1969-01-27
848,Jayanthi Prasad,jayanthi.prasad115@example.com,986661-5541,India,2003-01-12
849,Suganya Viswanathan,suganya.viswanathan660@outlook.com,984502-3290,India,1988-04-07
850,Pradeep Kannan,pradeepkannan@yahoo.com,939626-2282,USA,1973-02-23
851,Aishwarya Sundaram,aishwarya.sundaram31@gmail.com,946549-5005,India,2004-11-14
852,Kavitha Pandian,kavitha.pandian48@hotmail.com,788221-0531,India,1967-12-23
853,Adithya Iyengar,adithya.iyengar877@gmail.com,870477-4258,India,1992-07-11
854,Kamesh Venkataraman,kameshvenkataraman@gmail.com,882231-1649,India,1976-03-16
855,Elango Rajan,elango94@outlook.com,799889-4256,India,1994-08-30
856,Suresh Chettiar,sureshchettiar@gmail.com,982032-6509,India,1986-09-15
857,Revathi Mahadevan,revathimahadevan@outlook.com,874871-4855,India,1976-06-14
858,Trisha Venkataraman,trisha.venkataraman@yahoo.com,638415-6082,India,1975-03-11
859,Monisha Sundaram,monisha25@gmail.com,934768-1826,India,1973-09-28
860,Ashok Ramanathan,ashok35@hotmail.com,872988-0858,India,1996-02-13
861,Manikandan Selvam,manikandanselvam@hotmail.com,952896-3406,India,1982-06-27
862,Karpagam Kannan,karpagamkannan@yahoo.com,981484-3991,India,1998-11-16
863,Ramya Pandian,ramyapandian@gmail.com,912669-3351,India,1977-05-23
864,Santhosh Sundaram,santhoshsundaram@gmail.com,892450-1848,India,1999-08-13
865,Suganya Iyer,suganya.iyer@hotmail.com,789721-5406,India,1970-01-23
866,Dharani Rajagopal,dharani.rajagopal898@yahoo.com,958119-9537,UK,1984-05-26
867,Anitha Vasudevan,anitha45@yahoo.com,798564-5101,Australia,2001-02-26
868,Malathi Rajagopal,malathi.rajagopal227@yahoo.com,977899-6986,India,1991-12-28
869,Murugan Mahadevan,muruganmahadevan@yahoo.com,879660-5779,India,1966-09-03
870,Anusree Reddy,anusree.reddy@gmail.com,872051-4607,India,1981-02-01
871,Shanthi Sekar,shanthi.sekar@yahoo.com,894238-8565,India,2002-11-22
872,Sridevi Viswanathan,srideviviswanathan@yahoo.com,941165-9726,India,1976-11-15
873,Shanthi Pillai,shanthi66@gmail.com,965013-9488,India,1998-12-12
874,Yuvaraj Shanmugam,yuvarajshanmugam@example.com,979642-5856,India,1982-04-13
875,Mohan Shanmugam,mohan.shanmugam@yahoo.com,957038-2407,India,2002-05-18
876,Deepak Moorthy,deepakmoorthy@gmail.com,984309-7768,India,1990-06-26
877,Naveen Rajan,naveen.rajan595@hotmail.com,914546-5535,India,1981-01-07
878,Pradeep Balakrishnan,pradeepbalakrishnan@example.com,638785-1935,Australia,1996-06-30
879,Abhinav Kumar,abhinav.kumar@outlook.com,877796-1208,India,1990-01-28
880,Vimal Kannan,vimal28@example.com,784940-9762,India,1974-08-27
881,Janani Sankaran,janani99@yahoo.com,959862-8950,India,1967-05-18
882,Subhashini Sundaram,subhashini.sundaram@hotmail.com,912339-2207,India,1979-11-20
883,Murugan Nadar,murugan.nadar718@outlook.com,917252-1452,Canada,1984-04-22
884,Mythili Viswanathan,mythili.viswanathan267@gmail.com,955157-1840,India,1967-09-25
885,Manikandan Vasudevan,manikandan.vasudevan@example.com,936409-9512,India,1993-07-21
886,Abirami Sankaran,abirami.sankaran@gmail.com,875927-2827,India,1992-11-27
887,Kamalesh Sundaram,kamalesh49@example.com,932982-1739,India,1992-07-04
888,Indumathi Gurumurthy,indumathi.gurumurthy803@example.com,798153-5237,India,2000-08-14
889,Kavitha Mudaliar,kavitha.mudaliar939@hotmail.com,978158-9988,India,1998-12-15
890,Loganathan Balakrishnan,loganathanbalakrishnan@yahoo.com,796666-1707,India,1979-06-04
891,Vaishnavi Chettiar,vaishnavi49@example.com,880314-9982,India,1979-01-26
892,Kamalesh Ramanathan,kamalesh16@outlook.com,955806-8828,India,1995-07-22
893,Manoj Vasudevan,manojvasudevan@gmail.com,785137-3990,India,1982-02-11
894,Sundar Swamy,sundarswamy@yahoo.com,966356-0229,India,1992-11-21
895,Aishwarya Reddy,aishwarya97@gmail.com,794606-6643,India,1976-05-15
896,Yuvaraj Krishnan,yuvaraj.krishnan786@gmail.com,793111-2712,India,1979-09-08
897,Elango Nadar,elango46@yahoo.com,874116-3187,India,1970-09-14
898,Adithya Kannan,adithyakannan@example.com,912113-6957,India,1984-10-30
899,Sivakumar Mani,sivakumar36@example.com,870254-2573,India,1967-07-14
900,Archana Pandian,archana.pandian@gmail.com,963570-7139,India,1977-11-29
901,Pravin Gurumurthy,pravin.gurumurthy@example.com,918809-2550,India,2005-06-10
902,Balaji Subramanian,balaji.subramanian@outlook.com,639130-9810,India,2001-12-18
903,Thilagavathi Mahadevan,thilagavathi92@hotmail.com,917379-4577,India,1985-05-17
904,Suganya Pandian,suganyapandian@outlook.com,942506-4207,India,1996-11-17
905,Santhosh Perumal,santhoshperumal@outlook.com,916777-6755,India,1994-11-06
906,Ramya Veeramani,ramyaveeramani@gmail.com,873957-8654,India,1982-08-16
907,Adithya Vasudevan,adithya.vasudevan668@yahoo.com,639603-3582,India,1982-03-29
908,Abirami Iyer,abiramiiyer@outlook.com,872492-6932,India,1979-03-14
909,Malathi Perumal,malathi.perumal@example.com,631100-0515,India,1974-02-09
910,Manoj Srinivas,manoj18@hotmail.com,897524-4182,India,1972-04-28
911,Swetha Sankaran,swethasankaran@hotmail.com,887431-2710,India,2004-06-26
912,Jayanthi Chettiar,jayanthi.chettiar@hotmail.com,785799-2707,USA,1990-06-05
913,Aishwarya Pillai,aishwarya20@example.com,962946-2135,India,1996-11-29
914,Yogesh Thirunavukkarasu,yogesh.thirunavukkarasu17@gmail.com,934384-8075,India,1967-05-03
915,Parthiban Prasad,parthiban67@example.com,947158-0290,India,1965-11-11
916,Archana Mani,archana.mani390@example.com,784655-8665,India,1980-07-13
917,Radhika Mani,radhika72@example.com,891581-0213,India,1972-12-11
918,Lakshmi Pandian,lakshmipandian@example.com,970059-1297,India,2004-03-06
919,Sneha Vasudevan,sneha.vasudevan@gmail.com,951211-0633,India,1997-02-28
920,Tamilarasan Balakrishnan,tamilarasanbalakrishnan@outlook.com,957927-4907,India,1987-10-09
921,Ajith Rajan,ajithrajan@hotmail.com,873113-2532,India,1993-07-01
922,Uma Naicker,uma74@gmail.com,914538-0442,India,1967-10-07
923,Prakash Mudaliar,prakash.mudaliar635@example.com,797015-9591,India,1976-10-09
924,Hemalatha Mudaliar,hemalatha.mudaliar380@yahoo.com,637583-3920,UAE,1980-10-30
925,Indumathi Iyengar,indumathi.iyengar946@outlook.com,897226-6025,India,2004-01-15
926,Santhosh Gounder,santhoshgounder@gmail.com,872310-6724,India,1973-11-15
927,Prakash Nadar,prakash30@gmail.com,957976-6270,India,1969-10-03
928,Ranganathan Kannan,ranganathankannan@gmail.com,887367-0425,India,1978-12-08
929,Vaishnavi Sundaram,vaishnavi86@yahoo.com,785259-7107,India,1983-09-16
930,Harish Balakrishnan,harish98@outlook.com,634859-5325,India,1990-09-03
931,Chandran Sekar,chandran.sekar577@example.com,938162-9518,India,1985-10-03
932,Lakshmi Iyer,lakshmiiyer@yahoo.com,782507-3305,India,2002-01-01
933,Radhika Pandian,radhika44@outlook.com,939833-9914,India,1997-12-29
934,Gopinath Chandrasekar,gopinath.chandrasekar255@outlook.com,780443-2400,India,1993-11-21
935,Meena Gounder,meenagounder@outlook.com,796829-7514,India,1977-05-19
936,Varun Swamy,varunswamy@yahoo.com,981058-7525,Sri Lanka,1981-10-28
937,Anand Balakrishnan,anand60@hotmail.com,630459-9080,Sri Lanka,1997-03-05
938,Prakash Swaminathan,prakashswaminathan@example.com,882315-5516,India,1998-09-06
939,Prakash Nadar,prakash.nadar64@outlook.com,782813-7214,India,1975-09-26
940,Ramesh Narayanan,rameshnarayanan@outlook.com,980332-2855,India,1998-11-29
941,Divya Chandrasekar,divya.chandrasekar@outlook.com,881039-0339,India,1965-04-28
942,Ishwarya Viswanathan,ishwarya84@hotmail.com,966328-0944,India,1981-10-16
943,Gayatri Mani,gayatri87@gmail.com,934614-7079,India,1995-02-20
944,Nithya Rajan,nithya.rajan43@example.com,783394-3945,India,1967-06-10
945,Elango Nathan,elango75@example.com,952537-6576,India,1998-10-26
946,Raghuram Kannan,raghuram81@gmail.com,979100-9004,India,1978-08-12
947,Archana Mahadevan,archana.mahadevan@yahoo.com,953651-4604,India,2005-04-22
948,Natarajan Pandian,natarajanpandian@example.com,790720-1137,India,1996-03-04
949,Soundarya Ramanathan,soundarya.ramanathan577@example.com,782316-6007,India,2002-04-03
950,Chithra Rajan,chithra.rajan@example.com,634473-4043,India,1995-12-09
951,Trisha Subramanian,trisha.subramanian46@hotmail.com,787304-5195,India,2001-10-25
952,Rajeswari Selvam,rajeswari57@hotmail.com,882556-2965,India,1980-08-02
953,Sangeetha Venkataraman,sangeetha.venkataraman556@yahoo.com,911942-5577,India,2003-08-29
954,Venkatesh Pillai,venkateshpillai@hotmail.com,938292-3616,India,1987-06-29
955,Ravichandran Vasudevan,ravichandran83@hotmail.com,792357-1558,India,1988-06-19
956,Suganya Mahadevan,suganya.mahadevan768@example.com,957230-8172,India,1996-03-04
957,Malathi Nadar,malathinadar@hotmail.com,791300-0413,India,2002-02-16
958,Dhanush Prasad,dhanush.prasad@outlook.com,936094-5653,India,1984-03-22
959,Yamini Shanmugam,yamini.shanmugam43@example.com,895504-7681,India,1995-11-21
960,Harini Venkataraman,harini.venkataraman@outlook.com,631748-1131,India,1982-01-15
961,Malathi Thirunavukkarasu,malathi70@yahoo.com,887396-1029,Singapore,2000-01-11
962,Sivakumar Iyer,sivakumariyer@outlook.com,949680-4918,India,1972-10-20
963,Vidya Selvam,vidya15@outlook.com,972137-7306,India,2005-08-13
964,Sasikumar Krishnan,sasikumarkrishnan@yahoo.com,799737-1122,India,1998-03-18
965,Akash Venkataraman,akash.venkataraman814@example.com,788581-6704,India,1989-12-31
966,Lakshmi Swaminathan,lakshmi21@outlook.com,918321-0219,India,1994-10-25
967,Gokul Sankaran,gokul57@outlook.com,972961-8033,India,1978-06-22
968,Yuvaraj Subramanian,yuvaraj.subramanian@example.com,884980-4253,India,2000-12-10
969,Sathish Kannan,sathishkannan@example.com,966881-2282,India,1986-06-06
970,Dinesh Sekar,dinesh.sekar772@yahoo.com,954606-0560,India,1995-02-17
971,Bhavani Iyer,bhavaniiyer@gmail.com,899862-3984,India,1999-09-06
972,Anand Thirunavukkarasu,anand.thirunavukkarasu@hotmail.com,972054-6475,India,2002-07-08
973,Dhanalakshmi Srinivas,dhanalakshmi.srinivas524@outlook.com,639899-9275,India,1996-01-07
974,Preeti Sankaran,preeti.sankaran@yahoo.com,794449-8355,India,1990-05-23
975,Vimal Srinivas,vimal34@hotmail.com,796449-6392,UAE,1978-03-27
976,Balamurugan Sankaran,balamurugansankaran@outlook.com,878214-3395,India,2004-10-20
977,Yamuna Sekar,yamuna60@hotmail.com,898524-9141,India,2001-06-23
978,Priya Swaminathan,priya34@outlook.com,898948-9634,India,1984-03-09
979,Uma Vasudevan,uma.vasudevan448@yahoo.com,972215-0014,India,1989-08-09
980,Ramya Vasudevan,ramyavasudevan@example.com,799001-5944,India,1975-10-19
981,Ashok Shanmugam,ashok87@hotmail.com,933208-9532,India,1974-02-11
982,Madhavan Viswanathan,madhavan83@outlook.com,971363-3792,India,1974-11-20
983,Deepa Subramanian,deepa40@outlook.com,879673-3116,Australia,1984-12-03
984,Sangeetha Chettiar,sangeetha.chettiar769@example.com,884376-8550,India,1987-10-08
985,Monisha Iyer,monisha87@gmail.com,781962-6335,India,1983-03-05
986,Malathi Swamy,malathi.swamy389@example.com,799317-0695,India,1982-02-02
987,Raghuram Reddy,raghuram.reddy932@example.com,914534-5472,India,1974-10-31
988,Suresh Chettiar,sureshchettiar@example.com,782198-0418,India,1985-04-29
989,Mohan Pandian,mohanpandian@gmail.com,914281-3190,India,1994-05-14
990,Loganathan Gurumurthy,loganathan.gurumurthy965@gmail.com,950391-1142,India,1970-07-27
991,Radhika Gounder,radhikagounder@gmail.com,630524-8088,India,1982-09-01
992,Dinesh Narayanan,dineshnarayanan@gmail.com,875947-3721,Australia,1976-02-19
993,Venkatesh Swaminathan,venkatesh.swaminathan@yahoo.com,898768-8687,India,1988-04-24
994,Sneha Thirunavukkarasu,sneha.thirunavukkarasu736@yahoo.com,886287-2031,India,1981-06-27
995,Swetha Thirunavukkarasu,swetha.thirunavukkarasu392@yahoo.com,930573-0362,India,2003-10-24
996,Natarajan Nadar,natarajan.nadar@gmail.com,894767-7537,India,1983-08-27
997,Deepak Pandian,deepak.pandian@yahoo.com,930576-6194,India,2001-10-31
998,Kavitha Kannan,kavitha18@gmail.com,948201-2840,India,1987-11-09
999,Ravichandran Gounder,ravichandran.gounder460@yahoo.com,639759-5450,India,1991-04-09
1000,Akash Venkataraman,akash.venkataraman@hotmail.com,789812-6574,India,1971-05-19